{"mean":{"confidence_interval":{"confidence_level":0.95,"lower_bound":16.864440554632264,"upper_bound":17.342465956844894},"point_estimate":17.06964115610402,"standard_error":0.12327205342340956},"median":{"confidence_interval":{"confidence_level":0.95,"lower_bound":16.6227406885954,"upper_bound":17.003398138898657},"point_estimate":16.8377736617532,"standard_error":0.09337110923586436},"median_abs_dev":{"confidence_interval":{"confidence_level":0.95,"lower_bound":0.38511350277552137,"upper_bound":0.7021779845048532},"point_estimate":0.5772812625495407,"standard_error":0.07779212287708137},"slope":{"confidence_interval":{"confidence_level":0.95,"lower_bound":16.64668918509094,"upper_bound":16.90820999755018},"point_estimate":16.768093718772647,"standard_error":0.06693885544812475},"std_dev":{"confidence_interval":{"confidence_level":0.95,"lower_bound":0.46980586451465933,"upper_bound":1.8844158354677307},"point_estimate":1.235655275292733,"standard_error":0.3873984055912635}}