{"mean":{"confidence_interval":{"confidence_level":0.95,"lower_bound":1.1149198510296792,"upper_bound":1.1511236766865833},"point_estimate":1.1322208118349197,"standard_error":0.009263424818854688},"median":{"confidence_interval":{"confidence_level":0.95,"lower_bound":1.087485747582554,"upper_bound":1.1246415435360737},"point_estimate":1.101524336358612,"standard_error":0.00796554247687071},"median_abs_dev":{"confidence_interval":{"confidence_level":0.95,"lower_bound":0.04552991508410345,"upper_bound":0.08061664076277146},"point_estimate":0.05874697593360415,"standard_error":0.008792276911973235},"slope":{"confidence_interval":{"confidence_level":0.95,"lower_bound":1.102254278943358,"upper_bound":1.1397299084118195},"point_estimate":1.1197403389735923,"standard_error":0.009591617592829333},"std_dev":{"confidence_interval":{"confidence_level":0.95,"lower_bound":0.07029518341342789,"upper_bound":0.11335054623918933},"point_estimate":0.09313092733853656,"standard_error":0.011037164515712392}}