{"mean":{"confidence_interval":{"confidence_level":0.95,"lower_bound":-0.9720835981376814,"upper_bound":-0.9715986490772968},"point_estimate":-0.9718441630996417,"standard_error":0.00012320770999026045},"median":{"confidence_interval":{"confidence_level":0.95,"lower_bound":-0.9718624619228543,"upper_bound":-0.9715331827666875},"point_estimate":-0.9717022509789234,"standard_error":0.00007948102809746891}}