{"mean":{"confidence_interval":{"confidence_level":0.95,"lower_bound":0.0014707267080727117,"upper_bound":0.012013180264616572},"point_estimate":0.0066341002473748745,"standard_error":0.002680819312356185},"median":{"confidence_interval":{"confidence_level":0.95,"lower_bound":-0.0002113587057359645,"upper_bound":0.008428004486256135},"point_estimate":0.00257827991088333,"standard_error":0.0021772211788670085}}