{"mean":{"confidence_interval":{"confidence_level":0.95,"lower_bound":2.9354201939031697,"upper_bound":3.0196000723355554},"point_estimate":2.9767069461003524,"standard_error":0.021832537085303572},"median":{"confidence_interval":{"confidence_level":0.95,"lower_bound":2.876818415236642,"upper_bound":2.9828094118449253},"point_estimate":2.9348015926930304,"standard_error":0.024605233444932068}}