{"mean":{"confidence_interval":{"confidence_level":0.95,"lower_bound":-0.029575933289822515,"upper_bound":-0.006765924567942554},"point_estimate":-0.017649398958727414,"standard_error":0.0058358090263061204},"median":{"confidence_interval":{"confidence_level":0.95,"lower_bound":-0.00395995568557986,"upper_bound":0.00010053246365027135},"point_estimate":-0.0020082465248132397,"standard_error":0.0009878071809496427}}