{"mean":{"confidence_interval":{"confidence_level":0.95,"lower_bound":-0.9505345519571751,"upper_bound":-0.9493991552755826},"point_estimate":-0.9500072903284074,"standard_error":0.0002939816973346431},"median":{"confidence_interval":{"confidence_level":0.95,"lower_bound":-0.9508690919105326,"upper_bound":-0.9504085469324577},"point_estimate":-0.9506707015275381,"standard_error":0.00011955560064285837}}