{"mean":{"confidence_interval":{"confidence_level":0.95,"lower_bound":-0.07465271778154661,"upper_bound":-0.055321524543703274},"point_estimate":-0.06466191922615416,"standard_error":0.004896259728945563},"median":{"confidence_interval":{"confidence_level":0.95,"lower_bound":-0.07222571178170045,"upper_bound":-0.06139404895794731},"point_estimate":-0.06794045400707138,"standard_error":0.00256434933279767}}