{"mean":{"confidence_interval":{"confidence_level":0.95,"lower_bound":1.1244166477522577,"upper_bound":1.1312147644373645},"point_estimate":1.1274926912764867,"standard_error":0.0017402247869501733},"median":{"confidence_interval":{"confidence_level":0.95,"lower_bound":1.1200352535069142,"upper_bound":1.1257315856355583},"point_estimate":1.1225038978105684,"standard_error":0.0014673415570604902},"median_abs_dev":{"confidence_interval":{"confidence_level":0.95,"lower_bound":0.006505725492365079,"upper_bound":0.012739068007535296},"point_estimate":0.009033700216510895,"standard_error":0.0015393316786098887},"slope":{"confidence_interval":{"confidence_level":0.95,"lower_bound":1.1244050376256869,"upper_bound":1.1291099086349141},"point_estimate":1.126708601575529,"standard_error":0.0011976628002539735},"std_dev":{"confidence_interval":{"confidence_level":0.95,"lower_bound":0.010124535616620018,"upper_bound":0.02494158398209794},"point_estimate":0.017453232182742997,"standard_error":0.004104491640960055}}