{"mean":{"confidence_interval":{"confidence_level":0.95,"lower_bound":0.012886518470780626,"upper_bound":0.03715276199015773},"point_estimate":0.024720804944665664,"standard_error":0.006180789194806165},"median":{"confidence_interval":{"confidence_level":0.95,"lower_bound":0.018327086498079348,"upper_bound":0.04412003837860712},"point_estimate":0.031642135140338645,"standard_error":0.006278354643380393}}