{"mean":{"confidence_interval":{"confidence_level":0.95,"lower_bound":-0.00651776951303358,"upper_bound":0.008832793377093072},"point_estimate":0.0010137961776033322,"standard_error":0.0039217940641234385},"median":{"confidence_interval":{"confidence_level":0.95,"lower_bound":-0.014216099545108718,"upper_bound":-0.00008534533039228354},"point_estimate":-0.00684383441211156,"standard_error":0.003746416843610623}}