{"mean":{"confidence_interval":{"confidence_level":0.95,"lower_bound":0.5150562452439834,"upper_bound":0.5863301366640358},"point_estimate":0.5510019057237456,"standard_error":0.01814772028387421},"median":{"confidence_interval":{"confidence_level":0.95,"lower_bound":0.5395680796846123,"upper_bound":0.5865652279087961},"point_estimate":0.5628655730324565,"standard_error":0.012069527245508527}}