{"mean":{"confidence_interval":{"confidence_level":0.95,"lower_bound":-0.2949817515081983,"upper_bound":-0.2693357932428284},"point_estimate":-0.2821712467886456,"standard_error":0.006547384850065643},"median":{"confidence_interval":{"confidence_level":0.95,"lower_bound":-0.29021664142082393,"upper_bound":-0.26539974375506903},"point_estimate":-0.27641310977897904,"standard_error":0.006736843803296534}}