{"mean":{"confidence_interval":{"confidence_level":0.95,"lower_bound":-0.9740835245838833,"upper_bound":-0.9734402979062985},"point_estimate":-0.9737808997890999,"standard_error":0.0001623149887548972},"median":{"confidence_interval":{"confidence_level":0.95,"lower_bound":-0.973793072604251,"upper_bound":-0.9735564363096205},"point_estimate":-0.9736458577622403,"standard_error":0.000055983109503501416}}