{"mean":{"confidence_interval":{"confidence_level":0.95,"lower_bound":-0.022368705436387415,"upper_bound":0.011195820857856585},"point_estimate":-0.006380667178604638,"standard_error":0.008672713113771342},"median":{"confidence_interval":{"confidence_level":0.95,"lower_bound":-0.038560668499596495,"upper_bound":-0.013282940636661023},"point_estimate":-0.025233786534701208,"standard_error":0.006171386419473798}}