{"mean":{"confidence_interval":{"confidence_level":0.95,"lower_bound":-0.5339370759887315,"upper_bound":-0.5126727177561176},"point_estimate":-0.5232260209316036,"standard_error":0.005455906423693269},"median":{"confidence_interval":{"confidence_level":0.95,"lower_bound":-0.5221846598175145,"upper_bound":-0.5012869646524336},"point_estimate":-0.5097315216970855,"standard_error":0.0049775512501023965}}