{"mean":{"confidence_interval":{"confidence_level":0.95,"lower_bound":0.9733329315199423,"upper_bound":1.0690138133300209},"point_estimate":1.021714699071361,"standard_error":0.024446534146065145},"median":{"confidence_interval":{"confidence_level":0.95,"lower_bound":0.949239428212372,"upper_bound":1.035555118682518},"point_estimate":0.9857863926071009,"standard_error":0.02158192611911191}}