{"mean":{"confidence_interval":{"confidence_level":0.95,"lower_bound":4.7309104442237775,"upper_bound":5.035238230167371},"point_estimate":4.8841282253785225,"standard_error":0.07742018428262383},"median":{"confidence_interval":{"confidence_level":0.95,"lower_bound":5.014343832148139,"upper_bound":5.194308657953543},"point_estimate":5.09901569764773,"standard_error":0.04800536454330446}}