{"mean":{"confidence_interval":{"confidence_level":0.95,"lower_bound":0.041004914810684655,"upper_bound":0.08177642511544783},"point_estimate":0.059119833855519444,"standard_error":0.010351359738939088},"median":{"confidence_interval":{"confidence_level":0.95,"lower_bound":-0.00012234144785627787,"upper_bound":0.01926078055107181},"point_estimate":0.004502823850201176,"standard_error":0.005902897987741862}}