{"mean":{"confidence_interval":{"confidence_level":0.95,"lower_bound":-0.021316865517018016,"upper_bound":0.009081495792480857},"point_estimate":-0.007654409265843265,"standard_error":0.0077889413863838014},"median":{"confidence_interval":{"confidence_level":0.95,"lower_bound":-0.017523554704391597,"upper_bound":0.004639914471550544},"point_estimate":-0.006930289735573525,"standard_error":0.005562597888995273}}