{"mean":{"confidence_interval":{"confidence_level":0.95,"lower_bound":-0.9838397287527282,"upper_bound":-0.9834484430383867},"point_estimate":-0.9836397562884087,"standard_error":0.00009934976175708421},"median":{"confidence_interval":{"confidence_level":0.95,"lower_bound":-0.9837380442814136,"upper_bound":-0.9834279347741502},"point_estimate":-0.9835912331199664,"standard_error":0.00007777148118293276}}