{"mean":{"confidence_interval":{"confidence_level":0.95,"lower_bound":-0.9738532416583114,"upper_bound":-0.9736104723687101},"point_estimate":-0.9737329196083806,"standard_error":0.0000619488349844239},"median":{"confidence_interval":{"confidence_level":0.95,"lower_bound":-0.9737515945900156,"upper_bound":-0.9735467751537268},"point_estimate":-0.9736337390071322,"standard_error":0.00005513012364595073}}