{"mean":{"confidence_interval":{"confidence_level":0.95,"lower_bound":0.029533562850623852,"upper_bound":0.053918448345983944},"point_estimate":0.04215572825599079,"standard_error":0.006155726281706103},"median":{"confidence_interval":{"confidence_level":0.95,"lower_bound":0.038761924975102335,"upper_bound":0.05047716354990461},"point_estimate":0.04389174781066463,"standard_error":0.003065840018364053}}