{"mean":{"confidence_interval":{"confidence_level":0.95,"lower_bound":-0.40292477177534425,"upper_bound":-0.390667730824482},"point_estimate":-0.3969729179281225,"standard_error":0.0031174835872948828},"median":{"confidence_interval":{"confidence_level":0.95,"lower_bound":-0.39809195258088725,"upper_bound":-0.3867120828143318},"point_estimate":-0.3929457313374739,"standard_error":0.0029653373955092206}}