{"mean":{"confidence_interval":{"confidence_level":0.95,"lower_bound":0.3813803495617805,"upper_bound":0.4208673979871451},"point_estimate":0.40050219568110124,"standard_error":0.010131298482467485},"median":{"confidence_interval":{"confidence_level":0.95,"lower_bound":0.40653882577681233,"upper_bound":0.4327952312512183},"point_estimate":0.4189895205450431,"standard_error":0.006515112360696844}}