{"mean":{"confidence_interval":{"confidence_level":0.95,"lower_bound":-0.05426789319769568,"upper_bound":-0.03527413483984402},"point_estimate":-0.04449678042811034,"standard_error":0.004842142703441426},"median":{"confidence_interval":{"confidence_level":0.95,"lower_bound":-0.04618939441446934,"upper_bound":-0.027924797405270874},"point_estimate":-0.033706709294443526,"standard_error":0.004481685652757865}}