{"mean":{"confidence_interval":{"confidence_level":0.95,"lower_bound":-0.17829043177043474,"upper_bound":-0.15348584041102153},"point_estimate":-0.16565538208592134,"standard_error":0.006291983538346575},"median":{"confidence_interval":{"confidence_level":0.95,"lower_bound":-0.1715381586426814,"upper_bound":-0.1528540051110943},"point_estimate":-0.1636302856861489,"standard_error":0.004293724177954123}}