{"mean":{"confidence_interval":{"confidence_level":0.95,"lower_bound":15.277411946740164,"upper_bound":15.35656870874697},"point_estimate":15.310841143532011,"standard_error":0.02047391986693082},"median":{"confidence_interval":{"confidence_level":0.95,"lower_bound":15.242779652642543,"upper_bound":15.274689007058273},"point_estimate":15.259842808898757,"standard_error":0.008878232940589351},"median_abs_dev":{"confidence_interval":{"confidence_level":0.95,"lower_bound":0.04313270014240575,"upper_bound":0.083807175809699},"point_estimate":0.0642233329846429,"standard_error":0.011017548892097995},"slope":{"confidence_interval":{"confidence_level":0.95,"lower_bound":15.267502250108722,"upper_bound":15.354937999697498},"point_estimate":15.30324976396326,"standard_error":0.022713493482672802},"std_dev":{"confidence_interval":{"confidence_level":0.95,"lower_bound":0.08050313419477786,"upper_bound":0.32215469592783386},"point_estimate":0.2059915397729565,"standard_error":0.07072726265279308}}