{"mean":{"confidence_interval":{"confidence_level":0.95,"lower_bound":-0.028405352470171275,"upper_bound":-0.0030512690020252963},"point_estimate":-0.014123272151775668,"standard_error":0.006559022018070005},"median":{"confidence_interval":{"confidence_level":0.95,"lower_bound":-0.007274475230931721,"upper_bound":0.0011738454084755385},"point_estimate":-0.0024556408198127544,"standard_error":0.0021503294883470285}}