{"mean":{"confidence_interval":{"confidence_level":0.95,"lower_bound":-0.10513227631005657,"upper_bound":-0.043452123484722646},"point_estimate":-0.07490095469029912,"standard_error":0.0157309839949964},"median":{"confidence_interval":{"confidence_level":0.95,"lower_bound":-0.06720678669868385,"upper_bound":-0.0332370396691778},"point_estimate":-0.047272760654344714,"standard_error":0.008998532383067142}}