{"mean":{"confidence_interval":{"confidence_level":0.95,"lower_bound":4.455733789929054,"upper_bound":4.5720633176261485},"point_estimate":4.507912668048791,"standard_error":0.029898027940306104},"median":{"confidence_interval":{"confidence_level":0.95,"lower_bound":4.396503959566474,"upper_bound":4.445877844671478},"point_estimate":4.417253313383615,"standard_error":0.010988003053655396},"median_abs_dev":{"confidence_interval":{"confidence_level":0.95,"lower_bound":0.04873784357992224,"upper_bound":0.10144124063238827},"point_estimate":0.07103196980499696,"standard_error":0.013146003937186282},"slope":{"confidence_interval":{"confidence_level":0.95,"lower_bound":4.4144410814461015,"upper_bound":4.446066808575166},"point_estimate":4.429398053271078,"standard_error":0.008070279039233644},"std_dev":{"confidence_interval":{"confidence_level":0.95,"lower_bound":0.15763534795891151,"upper_bound":0.427110459404897},"point_estimate":0.3000154155905809,"standard_error":0.0705148970451265}}