{"mean":{"confidence_interval":{"confidence_level":0.95,"lower_bound":-0.9745924203947134,"upper_bound":-0.9738665175150479},"point_estimate":-0.9742226940497457,"standard_error":0.00018957481064197284},"median":{"confidence_interval":{"confidence_level":0.95,"lower_bound":-0.9748441305149927,"upper_bound":-0.9742294914807158},"point_estimate":-0.9744271640691504,"standard_error":0.0001744531707864558}}