{"mean":{"confidence_interval":{"confidence_level":0.95,"lower_bound":1.0838384843648432,"upper_bound":1.1442546057043996},"point_estimate":1.1144790263251982,"standard_error":0.015484242916529986},"median":{"confidence_interval":{"confidence_level":0.95,"lower_bound":1.1184710345342541,"upper_bound":1.1608738115349793},"point_estimate":1.1418315051605639,"standard_error":0.009676104495668029}}