{"mean":{"confidence_interval":{"confidence_level":0.95,"lower_bound":0.04830542655971255,"upper_bound":0.09750800494511143},"point_estimate":0.07469023341042247,"standard_error":0.012648950686404366},"median":{"confidence_interval":{"confidence_level":0.95,"lower_bound":0.08299356795202573,"upper_bound":0.10313880939640208},"point_estimate":0.09422070136105765,"standard_error":0.005099735330252185}}