{"mean":{"confidence_interval":{"confidence_level":0.95,"lower_bound":-0.06871732700358404,"upper_bound":-0.052194008697850236},"point_estimate":-0.06042392785804063,"standard_error":0.004220541956419837},"median":{"confidence_interval":{"confidence_level":0.95,"lower_bound":-0.07266828216592824,"upper_bound":-0.05823233690033325},"point_estimate":-0.06643901977200295,"standard_error":0.003549355745360527}}