{"mean":{"confidence_interval":{"confidence_level":0.95,"lower_bound":-0.008928142766395898,"upper_bound":0.005857042719202549},"point_estimate":-0.0012663915047419483,"standard_error":0.0037674262478688907},"median":{"confidence_interval":{"confidence_level":0.95,"lower_bound":-0.009369048401272395,"upper_bound":0.006025336262175829},"point_estimate":-0.0021256908890001647,"standard_error":0.0036499380788641953}}