{"mean":{"confidence_interval":{"confidence_level":0.95,"lower_bound":0.3520034861095563,"upper_bound":0.35659945068069804},"point_estimate":0.35417975698426696,"standard_error":0.0011746616819621057},"median":{"confidence_interval":{"confidence_level":0.95,"lower_bound":0.34969645386745596,"upper_bound":0.3531067268159151},"point_estimate":0.3517105407199901,"standard_error":0.0010125207690157344},"median_abs_dev":{"confidence_interval":{"confidence_level":0.95,"lower_bound":0.0047893624115908345,"upper_bound":0.008753511930610823},"point_estimate":0.006673151421822814,"standard_error":0.0010514357159210246},"slope":{"confidence_interval":{"confidence_level":0.95,"lower_bound":0.350019266994875,"upper_bound":0.35387077261019445},"point_estimate":0.35175072746716757,"standard_error":0.0009882229139502267},"std_dev":{"confidence_interval":{"confidence_level":0.95,"lower_bound":0.008705084411900573,"upper_bound":0.014404630735605292},"point_estimate":0.011811276832675792,"standard_error":0.0014607856155819988}}