{"mean":{"confidence_interval":{"confidence_level":0.95,"lower_bound":-0.7583473169749068,"upper_bound":-0.7539225910710837},"point_estimate":-0.7561078838778337,"standard_error":0.0011185639975661084},"median":{"confidence_interval":{"confidence_level":0.95,"lower_bound":-0.7608470925814029,"upper_bound":-0.7555363287431771},"point_estimate":-0.7584116892918387,"standard_error":0.0013541186992249397}}