{"mean":{"confidence_interval":{"confidence_level":0.95,"lower_bound":-0.016978131635375728,"upper_bound":0.014749686547674234},"point_estimate":-0.0018048195229727337,"standard_error":0.008045192329373422},"median":{"confidence_interval":{"confidence_level":0.95,"lower_bound":-0.022790406140753783,"upper_bound":-0.004934703126462603},"point_estimate":-0.013571454406923644,"standard_error":0.004664098350887762}}