{"mean":{"confidence_interval":{"confidence_level":0.95,"lower_bound":-0.9421214626023489,"upper_bound":-0.9408591709826173},"point_estimate":-0.9415741545814659,"standard_error":0.00030800637098015316},"median":{"confidence_interval":{"confidence_level":0.95,"lower_bound":-0.9426121588306073,"upper_bound":-0.9420386295233564},"point_estimate":-0.942329264624977,"standard_error":0.00015425381846355938}}