{"mean":{"confidence_interval":{"confidence_level":0.95,"lower_bound":-0.29738943191664585,"upper_bound":-0.27911445942078683},"point_estimate":-0.28779197654779987,"standard_error":0.004670909247012407},"median":{"confidence_interval":{"confidence_level":0.95,"lower_bound":-0.29436777508178147,"upper_bound":-0.2861128543524684},"point_estimate":-0.29140499463012504,"standard_error":0.0021858072177599794}}