{"mean":{"confidence_interval":{"confidence_level":0.95,"lower_bound":0.127468728426898,"upper_bound":0.16029366397571712},"point_estimate":0.14321063534146394,"standard_error":0.008323385199088132},"median":{"confidence_interval":{"confidence_level":0.95,"lower_bound":0.12902655252514905,"upper_bound":0.15510862663531944},"point_estimate":0.14597758811209083,"standard_error":0.006969576674801405}}