{"mean":{"confidence_interval":{"confidence_level":0.95,"lower_bound":-0.2710631357634969,"upper_bound":-0.2582150671303636},"point_estimate":-0.26464707815447175,"standard_error":0.0032765819449546347},"median":{"confidence_interval":{"confidence_level":0.95,"lower_bound":-0.27427762309598536,"upper_bound":-0.25466286983610764},"point_estimate":-0.26450926417961484,"standard_error":0.005093495732708984}}