{"mean":{"confidence_interval":{"confidence_level":0.95,"lower_bound":-0.027021639986709083,"upper_bound":-0.007390686394037902},"point_estimate":-0.016760406803367878,"standard_error":0.005022557256620003},"median":{"confidence_interval":{"confidence_level":0.95,"lower_bound":-0.010057299537597375,"upper_bound":-0.0010917231756805178},"point_estimate":-0.005528633345531775,"standard_error":0.002293699989471712}}