{"mean":{"confidence_interval":{"confidence_level":0.95,"lower_bound":-0.024984501317566465,"upper_bound":0.010531269589498703},"point_estimate":-0.007130916444800128,"standard_error":0.00927982401517989},"median":{"confidence_interval":{"confidence_level":0.95,"lower_bound":-0.04942322177942693,"upper_bound":-0.019828693704831646},"point_estimate":-0.04242289738060245,"standard_error":0.009153381856049723}}