{"mean":{"confidence_interval":{"confidence_level":0.95,"lower_bound":2.093472531601792,"upper_bound":2.180082888729274},"point_estimate":2.1355324434059177,"standard_error":0.02194795036367147},"median":{"confidence_interval":{"confidence_level":0.95,"lower_bound":2.0975407448810226,"upper_bound":2.1897577991927593},"point_estimate":2.14322889281444,"standard_error":0.024269563701356165}}