{"mean":{"confidence_interval":{"confidence_level":0.95,"lower_bound":-0.38134591078192503,"upper_bound":-0.3703607039087519},"point_estimate":-0.3760009051076991,"standard_error":0.002766630018894533},"median":{"confidence_interval":{"confidence_level":0.95,"lower_bound":-0.3812031745775788,"upper_bound":-0.3704890961005555},"point_estimate":-0.3763216000498214,"standard_error":0.002845061297127015}}