{"mean":{"confidence_interval":{"confidence_level":0.95,"lower_bound":0.24048202382624428,"upper_bound":0.2831011115244684},"point_estimate":0.26123760475532753,"standard_error":0.010973952640753015},"median":{"confidence_interval":{"confidence_level":0.95,"lower_bound":0.24575793505642807,"upper_bound":0.28282523642043644},"point_estimate":0.2642920129867763,"standard_error":0.009113832143157212}}