{"mean":{"confidence_interval":{"confidence_level":0.95,"lower_bound":0.39181914318621097,"upper_bound":0.40222908730033724},"point_estimate":0.3964652507067333,"standard_error":0.0026594840473799664},"median":{"confidence_interval":{"confidence_level":0.95,"lower_bound":0.3872473844442458,"upper_bound":0.3951525074571445},"point_estimate":0.3903743067811785,"standard_error":0.0018815041185292433},"median_abs_dev":{"confidence_interval":{"confidence_level":0.95,"lower_bound":0.01025746975249924,"upper_bound":0.016296916003900333},"point_estimate":0.01338865730814388,"standard_error":0.0015463749224873169},"slope":{"confidence_interval":{"confidence_level":0.95,"lower_bound":0.3848738570338921,"upper_bound":0.38924979813104355},"point_estimate":0.3869299190315352,"standard_error":0.0011204275309758638},"std_dev":{"confidence_interval":{"confidence_level":0.95,"lower_bound":0.013574095852006762,"upper_bound":0.0373886383318539},"point_estimate":0.026575116972012695,"standard_error":0.006233154132135063}}