{"mean":{"confidence_interval":{"confidence_level":0.95,"lower_bound":-0.3229986770326316,"upper_bound":-0.3108302974923683},"point_estimate":-0.316953241062483,"standard_error":0.0030990776165600786},"median":{"confidence_interval":{"confidence_level":0.95,"lower_bound":-0.3234293041713588,"upper_bound":-0.3145205082909126},"point_estimate":-0.3195107213637438,"standard_error":0.002047791160107156}}