{"mean":{"confidence_interval":{"confidence_level":0.95,"lower_bound":-0.7933404046668755,"upper_bound":-0.7859148645154671},"point_estimate":-0.7904877925757016,"standard_error":0.001966069041880406},"median":{"confidence_interval":{"confidence_level":0.95,"lower_bound":-0.7938126200220538,"upper_bound":-0.791782179398596},"point_estimate":-0.7927265070273466,"standard_error":0.0005270107705429342}}