{"mean":{"confidence_interval":{"confidence_level":0.95,"lower_bound":-0.8963277622973082,"upper_bound":-0.8943540996874453},"point_estimate":-0.8953536023553768,"standard_error":0.0005040224606984383},"median":{"confidence_interval":{"confidence_level":0.95,"lower_bound":-0.8968431627318871,"upper_bound":-0.8957328785595678},"point_estimate":-0.8963496296395894,"standard_error":0.00030570172900304653}}