{"mean":{"confidence_interval":{"confidence_level":0.95,"lower_bound":0.04916277482868864,"upper_bound":0.07740936298396374},"point_estimate":0.06319021675657921,"standard_error":0.007159120049017332},"median":{"confidence_interval":{"confidence_level":0.95,"lower_bound":0.03989108914889905,"upper_bound":0.06363923288532858},"point_estimate":0.050215209865021704,"standard_error":0.005828212358753664}}