{"mean":{"confidence_interval":{"confidence_level":0.95,"lower_bound":-0.9571923510642635,"upper_bound":-0.9556539897339775},"point_estimate":-0.9564183192637635,"standard_error":0.0003925360691282246},"median":{"confidence_interval":{"confidence_level":0.95,"lower_bound":-0.9567909306651426,"upper_bound":-0.9552218899973067},"point_estimate":-0.9559278374355143,"standard_error":0.0004008559913827099}}