{"mean":{"confidence_interval":{"confidence_level":0.95,"lower_bound":-0.03972249207909912,"upper_bound":-0.007944066202477233},"point_estimate":-0.02322797333508586,"standard_error":0.008120829403767129},"median":{"confidence_interval":{"confidence_level":0.95,"lower_bound":-0.02180826862882579,"upper_bound":-0.007364954419450205},"point_estimate":-0.014188436585788833,"standard_error":0.0038875257312217517}}