{"mean":{"confidence_interval":{"confidence_level":0.95,"lower_bound":-0.9570784836465731,"upper_bound":-0.9560508393231832},"point_estimate":-0.9565381593057918,"standard_error":0.000262657681577745},"median":{"confidence_interval":{"confidence_level":0.95,"lower_bound":-0.9559747214029206,"upper_bound":-0.9556337137897057},"point_estimate":-0.9557656215215066,"standard_error":0.00008643026407877607}}