{"mean":{"confidence_interval":{"confidence_level":0.95,"lower_bound":0.2714236326143355,"upper_bound":0.28007565575304605},"point_estimate":0.2757823267527817,"standard_error":0.002211904797688027},"median":{"confidence_interval":{"confidence_level":0.95,"lower_bound":0.27013711265810025,"upper_bound":0.28102174473566666},"point_estimate":0.2750267138210165,"standard_error":0.0028466514683535985}}