{"mean":{"confidence_interval":{"confidence_level":0.95,"lower_bound":-0.6221220838446025,"upper_bound":-0.6130676669675307},"point_estimate":-0.6174213700923428,"standard_error":0.002316534818957325},"median":{"confidence_interval":{"confidence_level":0.95,"lower_bound":-0.6194206605917995,"upper_bound":-0.6106103287603548},"point_estimate":-0.6149701923993006,"standard_error":0.0022205906888813813}}