{"mean":{"confidence_interval":{"confidence_level":0.95,"lower_bound":-0.0993859128999406,"upper_bound":-0.0425760719300575},"point_estimate":-0.06956767778566797,"standard_error":0.014514645016023987},"median":{"confidence_interval":{"confidence_level":0.95,"lower_bound":-0.04814187817015514,"upper_bound":-0.02649112958316835},"point_estimate":-0.0399394396050291,"standard_error":0.0051837949106194004}}