{"mean":{"confidence_interval":{"confidence_level":0.95,"lower_bound":-0.012373076669555994,"upper_bound":0.02682714465356986},"point_estimate":0.006501142420296091,"standard_error":0.009990052562445468},"median":{"confidence_interval":{"confidence_level":0.95,"lower_bound":-0.025693486453800096,"upper_bound":0.02305525379617812},"point_estimate":-0.004128956681678786,"standard_error":0.01281401529031062}}