{"mean":{"confidence_interval":{"confidence_level":0.95,"lower_bound":0.46472908853936884,"upper_bound":0.5045985545258156},"point_estimate":0.48562800712708,"standard_error":0.010186400304040997},"median":{"confidence_interval":{"confidence_level":0.95,"lower_bound":0.47687900200129074,"upper_bound":0.5155523511481455},"point_estimate":0.5007894053756297,"standard_error":0.00961050510460701}}