{"mean":{"confidence_interval":{"confidence_level":0.95,"lower_bound":-0.9727472441249814,"upper_bound":-0.9718916660146218},"point_estimate":-0.9723300838564014,"standard_error":0.00022763671408219957},"median":{"confidence_interval":{"confidence_level":0.95,"lower_bound":-0.9731020104654119,"upper_bound":-0.9724908654362535},"point_estimate":-0.9727945654584704,"standard_error":0.00014952731778084403}}