{"mean":{"confidence_interval":{"confidence_level":0.95,"lower_bound":-0.48378706726176857,"upper_bound":-0.4750774273106182},"point_estimate":-0.47914603594455774,"standard_error":0.0022252630806272374},"median":{"confidence_interval":{"confidence_level":0.95,"lower_bound":-0.47944175910260234,"upper_bound":-0.4740658656893614},"point_estimate":-0.4766340650901838,"standard_error":0.001436853666546797}}