{"mean":{"confidence_interval":{"confidence_level":0.95,"lower_bound":323.3792068981236,"upper_bound":325.0204301504378},"point_estimate":324.1353599878184,"standard_error":0.4201931191460665},"median":{"confidence_interval":{"confidence_level":0.95,"lower_bound":322.4327979836562,"upper_bound":322.9746844129985},"point_estimate":322.7163529828481,"standard_error":0.11871753207094893},"median_abs_dev":{"confidence_interval":{"confidence_level":0.95,"lower_bound":0.7748734737454073,"upper_bound":1.3200607504664434},"point_estimate":0.9991074307948871,"standard_error":0.1402872138243882},"slope":{"confidence_interval":{"confidence_level":0.95,"lower_bound":322.82147558299124,"upper_bound":323.9966268081097},"point_estimate":323.3376761576698,"standard_error":0.3036650150624734},"std_dev":{"confidence_interval":{"confidence_level":0.95,"lower_bound":2.6824965034357984,"upper_bound":5.644696157809918},"point_estimate":4.215206323485766,"standard_error":0.7653128635695727}}