{"mean":{"confidence_interval":{"confidence_level":0.95,"lower_bound":-0.35982315281861876,"upper_bound":-0.33095760431497806},"point_estimate":-0.3454016541288919,"standard_error":0.007323867566355035},"median":{"confidence_interval":{"confidence_level":0.95,"lower_bound":-0.3475444411927766,"upper_bound":-0.32106465231021053},"point_estimate":-0.3363024169017177,"standard_error":0.006990765035562831}}