{"mean":{"confidence_interval":{"confidence_level":0.95,"lower_bound":0.5754033987647605,"upper_bound":0.6490250734564447},"point_estimate":0.612695675856689,"standard_error":0.018515465117161952},"median":{"confidence_interval":{"confidence_level":0.95,"lower_bound":0.5610749300667464,"upper_bound":0.6223203355153772},"point_estimate":0.592608936850417,"standard_error":0.01595993805041589}}