{"mean":{"confidence_interval":{"confidence_level":0.95,"lower_bound":-0.2999545213949609,"upper_bound":-0.28713518615367445},"point_estimate":-0.29354381246035255,"standard_error":0.0031460255088701958},"median":{"confidence_interval":{"confidence_level":0.95,"lower_bound":-0.30639447985208845,"upper_bound":-0.28330586996180446},"point_estimate":-0.29938953953077774,"standard_error":0.006161123081822289}}