{"mean":{"confidence_interval":{"confidence_level":0.95,"lower_bound":-0.9738211385047387,"upper_bound":-0.9733943312307259},"point_estimate":-0.9736226285442265,"standard_error":0.00011266382901034602},"median":{"confidence_interval":{"confidence_level":0.95,"lower_bound":-0.9738487300199792,"upper_bound":-0.9735434599278874},"point_estimate":-0.9737158660810605,"standard_error":0.0000791425572513822}}