{"mean":{"confidence_interval":{"confidence_level":0.95,"lower_bound":0.025064450603082884,"upper_bound":0.0669610096794055},"point_estimate":0.04596855371799036,"standard_error":0.010594556366581227},"median":{"confidence_interval":{"confidence_level":0.95,"lower_bound":0.025355904114533034,"upper_bound":0.06195587149105064},"point_estimate":0.040297626568519984,"standard_error":0.00972059774814562}}