{"mean":{"confidence_interval":{"confidence_level":0.95,"lower_bound":-0.16698036821221632,"upper_bound":-0.13067737643852964},"point_estimate":-0.14956384498457997,"standard_error":0.009220687111572293},"median":{"confidence_interval":{"confidence_level":0.95,"lower_bound":-0.16156595116142092,"upper_bound":-0.1351216674857184},"point_estimate":-0.14705519221293273,"standard_error":0.007335942252299279}}