{"mean":{"confidence_interval":{"confidence_level":0.95,"lower_bound":-0.9719215893522967,"upper_bound":-0.9714461619251821},"point_estimate":-0.9716908513460638,"standard_error":0.00012195661564844669},"median":{"confidence_interval":{"confidence_level":0.95,"lower_bound":-0.9718861553090089,"upper_bound":-0.9716542711383207},"point_estimate":-0.9717553783745629,"standard_error":0.0000609765208029725}}