{"mean":{"confidence_interval":{"confidence_level":0.95,"lower_bound":-0.8319749178075491,"upper_bound":-0.8296695365633998},"point_estimate":-0.8307988295755595,"standard_error":0.0005893099507744234},"median":{"confidence_interval":{"confidence_level":0.95,"lower_bound":-0.8323686993701345,"upper_bound":-0.8290615897808697},"point_estimate":-0.8305576922886488,"standard_error":0.000867129065775148}}