{"mean":{"confidence_interval":{"confidence_level":0.95,"lower_bound":0.06090603736831203,"upper_bound":0.09963950361873077},"point_estimate":0.08115801377113963,"standard_error":0.00991605287580247},"median":{"confidence_interval":{"confidence_level":0.95,"lower_bound":0.09627467948007684,"upper_bound":0.11187547822035215},"point_estimate":0.10557629464660523,"standard_error":0.004279244992973718}}