{"mean":{"confidence_interval":{"confidence_level":0.95,"lower_bound":13.471650015665691,"upper_bound":13.612824954964324},"point_estimate":13.53462719161284,"standard_error":0.0362523864894573},"median":{"confidence_interval":{"confidence_level":0.95,"lower_bound":13.400656004208354,"upper_bound":13.440350274845681},"point_estimate":13.42508153452877,"standard_error":0.011530823646482268},"median_abs_dev":{"confidence_interval":{"confidence_level":0.95,"lower_bound":0.03550720820049546,"upper_bound":0.08383524299588153},"point_estimate":0.06287638717773876,"standard_error":0.014079154706380237},"slope":{"confidence_interval":{"confidence_level":0.95,"lower_bound":13.443037330518154,"upper_bound":13.583456946644413},"point_estimate":13.502050271896884,"standard_error":0.03628547117928352},"std_dev":{"confidence_interval":{"confidence_level":0.95,"lower_bound":0.17531620670738637,"upper_bound":0.5267585065529541},"point_estimate":0.3634758501204888,"standard_error":0.09149231758537851}}