{"mean":{"confidence_interval":{"confidence_level":0.95,"lower_bound":0.14091360122040658,"upper_bound":0.17314270306444016},"point_estimate":0.15633050155704553,"standard_error":0.008221240183554024},"median":{"confidence_interval":{"confidence_level":0.95,"lower_bound":0.1659879352565298,"upper_bound":0.18650478050922303},"point_estimate":0.17651109132410658,"standard_error":0.005352521771807784}}