{"mean":{"confidence_interval":{"confidence_level":0.95,"lower_bound":-0.14720606384874452,"upper_bound":-0.1251014285313648},"point_estimate":-0.13669569472375054,"standard_error":0.005630829758067465},"median":{"confidence_interval":{"confidence_level":0.95,"lower_bound":-0.14704851804206992,"upper_bound":-0.13708981625406436},"point_estimate":-0.14173975274731232,"standard_error":0.002554969112951086}}