{"mean":{"confidence_interval":{"confidence_level":0.95,"lower_bound":6.262962018410841,"upper_bound":6.4581506504410795},"point_estimate":6.3467717056047634,"standard_error":0.05011410828580588},"median":{"confidence_interval":{"confidence_level":0.95,"lower_bound":6.196200084597932,"upper_bound":6.258440732641204},"point_estimate":6.226768288361363,"standard_error":0.015022382663552356},"median_abs_dev":{"confidence_interval":{"confidence_level":0.95,"lower_bound":0.1119462702722394,"upper_bound":0.25305530498775813},"point_estimate":0.16936736111500036,"standard_error":0.03587432200150524},"slope":{"confidence_interval":{"confidence_level":0.95,"lower_bound":6.191537754812713,"upper_bound":6.3034948661091725},"point_estimate":6.243573908615682,"standard_error":0.028665608708159897},"std_dev":{"confidence_interval":{"confidence_level":0.95,"lower_bound":0.23398621942519152,"upper_bound":0.7747803759830112},"point_estimate":0.5047439796795381,"standard_error":0.16445369902396653}}