{"mean":{"confidence_interval":{"confidence_level":0.95,"lower_bound":1.9598106674325206,"upper_bound":2.048119517708992},"point_estimate":2.0004000311618877,"standard_error":0.022109774722750063},"median":{"confidence_interval":{"confidence_level":0.95,"lower_bound":1.9396970937302522,"upper_bound":1.9879600036870007},"point_estimate":1.9681702263322478,"standard_error":0.012298671336638055}}