{"mean":{"confidence_interval":{"confidence_level":0.95,"lower_bound":0.011074490997163235,"upper_bound":0.03889460115847019},"point_estimate":0.02443882966158828,"standard_error":0.007219275233011127},"median":{"confidence_interval":{"confidence_level":0.95,"lower_bound":0.005561793099412959,"upper_bound":0.027001427827882212},"point_estimate":0.014361984456481736,"standard_error":0.005128229383362955}}