{"mean":{"confidence_interval":{"confidence_level":0.95,"lower_bound":-0.02281693687353644,"upper_bound":0.007177999499291722},"point_estimate":-0.005838565663294104,"standard_error":0.007756347282248252},"median":{"confidence_interval":{"confidence_level":0.95,"lower_bound":-0.00546652677357447,"upper_bound":0.005113322477212412},"point_estimate":-0.0017754783834716958,"standard_error":0.002809242457650548}}