{"mean":{"confidence_interval":{"confidence_level":0.95,"lower_bound":1.2733167147436404,"upper_bound":1.364107739887185},"point_estimate":1.3202877525719598,"standard_error":0.02322935445237198},"median":{"confidence_interval":{"confidence_level":0.95,"lower_bound":1.324029066748885,"upper_bound":1.4007029246305778},"point_estimate":1.365581581884408,"standard_error":0.019399664471139368}}