{"mean":{"confidence_interval":{"confidence_level":0.95,"lower_bound":-0.06093678400789197,"upper_bound":-0.04003935478349404},"point_estimate":-0.05021305464459447,"standard_error":0.005339003345009275},"median":{"confidence_interval":{"confidence_level":0.95,"lower_bound":-0.045077743839111006,"upper_bound":-0.02929101918090027},"point_estimate":-0.03534121333132956,"standard_error":0.004088023352294444}}