{"mean":{"confidence_interval":{"confidence_level":0.95,"lower_bound":-0.021157176436113756,"upper_bound":0.015600022441102},"point_estimate":-0.001882851464723334,"standard_error":0.00939614808505304},"median":{"confidence_interval":{"confidence_level":0.95,"lower_bound":-0.0009123019372132557,"upper_bound":0.010642829380234975},"point_estimate":0.0022533122442522924,"standard_error":0.002900710129086837}}