{"mean":{"confidence_interval":{"confidence_level":0.95,"lower_bound":-0.7821974460284509,"upper_bound":-0.7711558454849688},"point_estimate":-0.7769702944757673,"standard_error":0.002845822002755503},"median":{"confidence_interval":{"confidence_level":0.95,"lower_bound":-0.7891610969902981,"upper_bound":-0.7853111774908581},"point_estimate":-0.7875537563892503,"standard_error":0.0009714616789025695}}