{"mean":{"confidence_interval":{"confidence_level":0.95,"lower_bound":0.012189345286738712,"upper_bound":0.04504810449371297},"point_estimate":0.028713634993535075,"standard_error":0.008836332168055593},"median":{"confidence_interval":{"confidence_level":0.95,"lower_bound":0.000578861281713694,"upper_bound":0.008539019513890356},"point_estimate":0.002415796842835105,"standard_error":0.0022161720988602917}}