{"mean":{"confidence_interval":{"confidence_level":0.95,"lower_bound":7.073334929602873,"upper_bound":7.294920743754571},"point_estimate":7.1929745316935385,"standard_error":0.056633196750084165},"median":{"confidence_interval":{"confidence_level":0.95,"lower_bound":7.200410225679171,"upper_bound":7.391308284039175},"point_estimate":7.302822081275966,"standard_error":0.04889955904710504}}