{"mean":{"confidence_interval":{"confidence_level":0.95,"lower_bound":-0.03390572654106474,"upper_bound":-0.009392995315092079},"point_estimate":-0.021706649686033308,"standard_error":0.00622704451159336},"median":{"confidence_interval":{"confidence_level":0.95,"lower_bound":-0.04027017342654304,"upper_bound":-0.014072514387849733},"point_estimate":-0.033666708831093684,"standard_error":0.0068984782160257645}}