{"mean":{"confidence_interval":{"confidence_level":0.95,"lower_bound":4.049671291782098,"upper_bound":4.160098395298584},"point_estimate":4.1014048587094045,"standard_error":0.028306203988442646},"median":{"confidence_interval":{"confidence_level":0.95,"lower_bound":4.062513342031635,"upper_bound":4.123874801166267},"point_estimate":4.095859210685319,"standard_error":0.0157926585541166}}