{"mean":{"confidence_interval":{"confidence_level":0.95,"lower_bound":-0.3959180451386371,"upper_bound":-0.38209026690266806},"point_estimate":-0.38924694846177543,"standard_error":0.003497351493435818},"median":{"confidence_interval":{"confidence_level":0.95,"lower_bound":-0.4017199731466121,"upper_bound":-0.3852045753847205},"point_estimate":-0.39435686296300954,"standard_error":0.00445722192341989}}