{"mean":{"confidence_interval":{"confidence_level":0.95,"lower_bound":0.19648966866952516,"upper_bound":0.22975111834427436},"point_estimate":0.212797283550481,"standard_error":0.008383087282724975},"median":{"confidence_interval":{"confidence_level":0.95,"lower_bound":0.203534026159915,"upper_bound":0.2202973182422907},"point_estimate":0.2116541751882386,"standard_error":0.004704065311579531}}