{"mean":{"confidence_interval":{"confidence_level":0.95,"lower_bound":-0.13919526971125867,"upper_bound":-0.11941776685806815},"point_estimate":-0.12957259766897167,"standard_error":0.005057804198982238},"median":{"confidence_interval":{"confidence_level":0.95,"lower_bound":-0.1516752951058371,"upper_bound":-0.12823263179916744},"point_estimate":-0.142968290206953,"standard_error":0.005943066742576746}}