{"mean":{"confidence_interval":{"confidence_level":0.95,"lower_bound":0.030511966829465043,"upper_bound":0.056541842093988014},"point_estimate":0.043971283051931875,"standard_error":0.006642246682003555},"median":{"confidence_interval":{"confidence_level":0.95,"lower_bound":0.03634366419886459,"upper_bound":0.0648570323153359},"point_estimate":0.052589496965512295,"standard_error":0.007327893030234704}}