{"mean":{"confidence_interval":{"confidence_level":0.95,"lower_bound":-0.38195073648153066,"upper_bound":-0.3626372480329386},"point_estimate":-0.37223845558452306,"standard_error":0.004937339264617301},"median":{"confidence_interval":{"confidence_level":0.95,"lower_bound":-0.3821916777668376,"upper_bound":-0.3652492960278454},"point_estimate":-0.3739700882328413,"standard_error":0.004641311656590549}}