{"mean":{"confidence_interval":{"confidence_level":0.95,"lower_bound":0.230505130422914,"upper_bound":0.2623654787099249},"point_estimate":0.2467546844887618,"standard_error":0.008265073455690965},"median":{"confidence_interval":{"confidence_level":0.95,"lower_bound":0.21443077381195216,"upper_bound":0.2548983997540444},"point_estimate":0.23416141199540697,"standard_error":0.010693562712413248}}