{"mean":{"confidence_interval":{"confidence_level":0.95,"lower_bound":-0.7876063415855381,"upper_bound":-0.7814774296046954},"point_estimate":-0.7849280220087954,"standard_error":0.001525847360781351},"median":{"confidence_interval":{"confidence_level":0.95,"lower_bound":-0.7903942870085472,"upper_bound":-0.7861514027033275},"point_estimate":-0.7875553157045434,"standard_error":0.0011758110182612327}}