{"mean":{"confidence_interval":{"confidence_level":0.95,"lower_bound":0.36635836222157336,"upper_bound":0.40282531006700206},"point_estimate":0.38518641199168124,"standard_error":0.009360668357697112},"median":{"confidence_interval":{"confidence_level":0.95,"lower_bound":0.40064690992859253,"upper_bound":0.42574322847452395},"point_estimate":0.4138439872147397,"standard_error":0.006055616658897924}}