{"mean":{"confidence_interval":{"confidence_level":0.95,"lower_bound":-0.12465377800477699,"upper_bound":-0.10897838037576676},"point_estimate":-0.11752945162915174,"standard_error":0.004005914795023748},"median":{"confidence_interval":{"confidence_level":0.95,"lower_bound":-0.13330833429796896,"upper_bound":-0.12499662103599485},"point_estimate":-0.12983346123105266,"standard_error":0.0021276512399836197}}