{"mean":{"confidence_interval":{"confidence_level":0.95,"lower_bound":-0.9397656520525178,"upper_bound":-0.9378136783171972},"point_estimate":-0.9387680221602384,"standard_error":0.0004974455548951012},"median":{"confidence_interval":{"confidence_level":0.95,"lower_bound":-0.9377567061390666,"upper_bound":-0.9356458445240731},"point_estimate":-0.9366507970757139,"standard_error":0.0005480549838306205}}