{"mean":{"confidence_interval":{"confidence_level":0.95,"lower_bound":-0.01984303392427435,"upper_bound":0.0014394095157813517},"point_estimate":-0.008930213212808846,"standard_error":0.005416974653408426},"median":{"confidence_interval":{"confidence_level":0.95,"lower_bound":-0.005501616746920623,"upper_bound":0.005336038771493357},"point_estimate":0.001212936335940329,"standard_error":0.0027579559359246133}}