{"mean":{"confidence_interval":{"confidence_level":0.95,"lower_bound":-0.9729753110712265,"upper_bound":-0.9722095828945101},"point_estimate":-0.972630755802788,"standard_error":0.00018796156894270227},"median":{"confidence_interval":{"confidence_level":0.95,"lower_bound":-0.9731270455857067,"upper_bound":-0.9726016619951596},"point_estimate":-0.9728494135018432,"standard_error":0.0001360326477281998}}