{"mean":{"confidence_interval":{"confidence_level":0.95,"lower_bound":-0.012752758927524255,"upper_bound":0.011004091267541316},"point_estimate":-0.0011122444844271495,"standard_error":0.006143945611763139},"median":{"confidence_interval":{"confidence_level":0.95,"lower_bound":-0.014787584967301544,"upper_bound":-0.0012313165754479494},"point_estimate":-0.006341967382029967,"standard_error":0.003585185348447393}}