{"mean":{"confidence_interval":{"confidence_level":0.95,"lower_bound":-0.789748399317695,"upper_bound":-0.7839364177419498},"point_estimate":-0.7870513877150315,"standard_error":0.0014645510546294235},"median":{"confidence_interval":{"confidence_level":0.95,"lower_bound":-0.7923923190230293,"upper_bound":-0.7900234630904985},"point_estimate":-0.7914817513107255,"standard_error":0.0005934388162461613}}