{"mean":{"confidence_interval":{"confidence_level":0.95,"lower_bound":0.0003686943844987791,"upper_bound":0.026365150705770314},"point_estimate":0.013418549586342365,"standard_error":0.006628109472999772},"median":{"confidence_interval":{"confidence_level":0.95,"lower_bound":0.010860507650942297,"upper_bound":0.03758848106291901},"point_estimate":0.023166862099521124,"standard_error":0.006781451434388973}}