{"mean":{"confidence_interval":{"confidence_level":0.95,"lower_bound":-0.03733051743409338,"upper_bound":-0.019402388692957934},"point_estimate":-0.028536461592627793,"standard_error":0.004519954847657715},"median":{"confidence_interval":{"confidence_level":0.95,"lower_bound":-0.03824428082104803,"upper_bound":-0.028141732479864068},"point_estimate":-0.03328056448076888,"standard_error":0.002657299387967902}}