{"mean":{"confidence_interval":{"confidence_level":0.95,"lower_bound":-0.4024248102377641,"upper_bound":-0.39677237115171343},"point_estimate":-0.3998926418268024,"standard_error":0.0014117287442134885},"median":{"confidence_interval":{"confidence_level":0.95,"lower_bound":-0.40358337651550646,"upper_bound":-0.39793485421219},"point_estimate":-0.40150957161057554,"standard_error":0.0013599662398646973}}