{"mean":{"confidence_interval":{"confidence_level":0.95,"lower_bound":-0.014834789772835677,"upper_bound":0.0028086892679184115},"point_estimate":-0.006281327438316109,"standard_error":0.004475372759420819},"median":{"confidence_interval":{"confidence_level":0.95,"lower_bound":-0.010601781316732064,"upper_bound":-0.0016508398712083876},"point_estimate":-0.005935804853698712,"standard_error":0.0026022328133091387}}