{"mean":{"confidence_interval":{"confidence_level":0.95,"lower_bound":-0.9247815259569864,"upper_bound":-0.9231958171768577},"point_estimate":-0.9240086719380238,"standard_error":0.00041333481600976335},"median":{"confidence_interval":{"confidence_level":0.95,"lower_bound":-0.9251357395641294,"upper_bound":-0.9243351223705462},"point_estimate":-0.9247349056492785,"standard_error":0.00020581348850518918}}