{"mean":{"confidence_interval":{"confidence_level":0.95,"lower_bound":-0.9748474939299492,"upper_bound":-0.9745153451023546},"point_estimate":-0.9746802645447239,"standard_error":0.00008562945383986694},"median":{"confidence_interval":{"confidence_level":0.95,"lower_bound":-0.9749147709768776,"upper_bound":-0.974756720722681},"point_estimate":-0.974832150123103,"standard_error":0.00004560653211548538}}