{"mean":{"confidence_interval":{"confidence_level":0.95,"lower_bound":79.56961247330756,"upper_bound":80.49883282515077},"point_estimate":80.01565905581317,"standard_error":0.2371249352551449},"median":{"confidence_interval":{"confidence_level":0.95,"lower_bound":78.5641073574576,"upper_bound":80.16688416566642},"point_estimate":79.21789949208247,"standard_error":0.4045914761115102},"median_abs_dev":{"confidence_interval":{"confidence_level":0.95,"lower_bound":1.1088118485605822,"upper_bound":2.6613204189686117},"point_estimate":1.9694555848271522,"standard_error":0.4046649792104043},"slope":{"confidence_interval":{"confidence_level":0.95,"lower_bound":78.95067029389705,"upper_bound":79.81089079327128},"point_estimate":79.34882516366105,"standard_error":0.21994727055429356},"std_dev":{"confidence_interval":{"confidence_level":0.95,"lower_bound":1.8363998437082116,"upper_bound":2.9756683410993525},"point_estimate":2.3759621556947432,"standard_error":0.30268613582200893}}