{"mean":{"confidence_interval":{"confidence_level":0.95,"lower_bound":0.377279695543188,"upper_bound":0.3813746901734296},"point_estimate":0.37919539806332914,"standard_error":0.0010459341593874875},"median":{"confidence_interval":{"confidence_level":0.95,"lower_bound":0.37319188725482677,"upper_bound":0.3761381926620979},"point_estimate":0.37433874422676305,"standard_error":0.0008887153020890515},"median_abs_dev":{"confidence_interval":{"confidence_level":0.95,"lower_bound":0.002156778916006914,"upper_bound":0.006456869535793064},"point_estimate":0.003758276205817362,"standard_error":0.00125421153765994},"slope":{"confidence_interval":{"confidence_level":0.95,"lower_bound":0.37448196078377816,"upper_bound":0.37733637901962425},"point_estimate":0.3757871495854761,"standard_error":0.0007315126123089869},"std_dev":{"confidence_interval":{"confidence_level":0.95,"lower_bound":0.007257985370188292,"upper_bound":0.013976278639062863},"point_estimate":0.010520693526470698,"standard_error":0.0017953594896979721}}