{"mean":{"confidence_interval":{"confidence_level":0.95,"lower_bound":1.6181855161080831,"upper_bound":1.6450856638489255},"point_estimate":1.6305092513656518,"standard_error":0.006888092578735338},"median":{"confidence_interval":{"confidence_level":0.95,"lower_bound":1.5971641621498815,"upper_bound":1.6137827190464473},"point_estimate":1.6050754442255066,"standard_error":0.004678328895366255},"median_abs_dev":{"confidence_interval":{"confidence_level":0.95,"lower_bound":0.014894094107448326,"upper_bound":0.037606149708555324},"point_estimate":0.023199356288934218,"standard_error":0.005936011448780393},"slope":{"confidence_interval":{"confidence_level":0.95,"lower_bound":1.6129963477267806,"upper_bound":1.638919020198489},"point_estimate":1.6257983847061352,"standard_error":0.006626989243661074},"std_dev":{"confidence_interval":{"confidence_level":0.95,"lower_bound":0.04156599639484903,"upper_bound":0.09561192269848598},"point_estimate":0.06927494998406593,"standard_error":0.014049298556820147}}