{"mean":{"confidence_interval":{"confidence_level":0.95,"lower_bound":-0.9510071626526813,"upper_bound":-0.9502979696693713},"point_estimate":-0.9506367645368512,"standard_error":0.00017965891956317874},"median":{"confidence_interval":{"confidence_level":0.95,"lower_bound":-0.9508744701827053,"upper_bound":-0.9503663337622487},"point_estimate":-0.9505880568971962,"standard_error":0.00014636354156003547}}