{"mean":{"confidence_interval":{"confidence_level":0.95,"lower_bound":1.3044826926212671,"upper_bound":1.38814202220964},"point_estimate":1.346343375427948,"standard_error":0.021350204126852915},"median":{"confidence_interval":{"confidence_level":0.95,"lower_bound":1.2790251599401343,"upper_bound":1.3637891753491838},"point_estimate":1.3356667803489848,"standard_error":0.0233306895177591}}