{"mean":{"confidence_interval":{"confidence_level":0.95,"lower_bound":0.008956785626132115,"upper_bound":0.021135878513102627},"point_estimate":0.014621052948933233,"standard_error":0.003149688657174233},"median":{"confidence_interval":{"confidence_level":0.95,"lower_bound":0.0015863094773091468,"upper_bound":0.00985481043734171},"point_estimate":0.003419028689994219,"standard_error":0.0021285404628052867}}