{"mean":{"confidence_interval":{"confidence_level":0.95,"lower_bound":-0.03333350701707656,"upper_bound":0.00028924744436590634},"point_estimate":-0.0160864873886708,"standard_error":0.008544322837828248},"median":{"confidence_interval":{"confidence_level":0.95,"lower_bound":-0.03745702634667614,"upper_bound":-0.013772332725168228},"point_estimate":-0.02666745433278972,"standard_error":0.00610933655852301}}