{"mean":{"confidence_interval":{"confidence_level":0.95,"lower_bound":-0.2840180938753033,"upper_bound":-0.2633347674879659},"point_estimate":-0.2736061358760631,"standard_error":0.005252458885179817},"median":{"confidence_interval":{"confidence_level":0.95,"lower_bound":-0.28907278193251884,"upper_bound":-0.2693445407894187},"point_estimate":-0.2828065781382181,"standard_error":0.004912433445156932}}