{"mean":{"confidence_interval":{"confidence_level":0.95,"lower_bound":15.082203320667794,"upper_bound":15.440005333336146},"point_estimate":15.254740737537036,"standard_error":0.09129426738224287},"median":{"confidence_interval":{"confidence_level":0.95,"lower_bound":14.88206797855446,"upper_bound":15.258906089994579},"point_estimate":15.054782548435641,"standard_error":0.11374829486237115},"median_abs_dev":{"confidence_interval":{"confidence_level":0.95,"lower_bound":0.4108644747608978,"upper_bound":0.7683267814320602},"point_estimate":0.5601110195068467,"standard_error":0.09934206006138203},"slope":{"confidence_interval":{"confidence_level":0.95,"lower_bound":14.934952774074048,"upper_bound":15.25683066310536},"point_estimate":15.085683763008076,"standard_error":0.0820724133593192},"std_dev":{"confidence_interval":{"confidence_level":0.95,"lower_bound":0.6621320973702087,"upper_bound":1.144687235346365},"point_estimate":0.9134832014235392,"standard_error":0.12396776876961334}}