{"mean":{"confidence_interval":{"confidence_level":0.95,"lower_bound":-0.8965326425459391,"upper_bound":-0.8944003638367705},"point_estimate":-0.8954830624140409,"standard_error":0.000544473100939718},"median":{"confidence_interval":{"confidence_level":0.95,"lower_bound":-0.8962052176571851,"upper_bound":-0.8951127834077277},"point_estimate":-0.8957191113605238,"standard_error":0.000310812487577315}}