{"mean":{"confidence_interval":{"confidence_level":0.95,"lower_bound":0.3534131178028246,"upper_bound":0.3600311193204693},"point_estimate":0.35637628996541565,"standard_error":0.0016977485760387935},"median":{"confidence_interval":{"confidence_level":0.95,"lower_bound":0.3514211507301501,"upper_bound":0.3544155784471434},"point_estimate":0.3532364887568621,"standard_error":0.0006827004126210238},"median_abs_dev":{"confidence_interval":{"confidence_level":0.95,"lower_bound":0.004965135090304911,"upper_bound":0.009702769236956139},"point_estimate":0.007980604873959818,"standard_error":0.0012263444206037375},"slope":{"confidence_interval":{"confidence_level":0.95,"lower_bound":0.35634676009014127,"upper_bound":0.36383768364314745},"point_estimate":0.3597063664193302,"standard_error":0.0019233984062486818},"std_dev":{"confidence_interval":{"confidence_level":0.95,"lower_bound":0.009241925484224783,"upper_bound":0.024831766365094352},"point_estimate":0.017043202831977675,"standard_error":0.0043469940392853726}}