{"mean":{"confidence_interval":{"confidence_level":0.95,"lower_bound":-0.8950041719880745,"upper_bound":-0.893043844966689},"point_estimate":-0.8939879143488451,"standard_error":0.0005022876972245781},"median":{"confidence_interval":{"confidence_level":0.95,"lower_bound":-0.8949867059841135,"upper_bound":-0.8939147352806107},"point_estimate":-0.8943127267474816,"standard_error":0.00027472101943967856}}