{"mean":{"confidence_interval":{"confidence_level":0.95,"lower_bound":-0.9720655701464731,"upper_bound":-0.9712239094566935},"point_estimate":-0.971710405405525,"standard_error":0.0002093623104252606},"median":{"confidence_interval":{"confidence_level":0.95,"lower_bound":-0.9719333835195954,"upper_bound":-0.9717349418016384},"point_estimate":-0.9718131237128725,"standard_error":0.000049927516707826785}}