{"mean":{"confidence_interval":{"confidence_level":0.95,"lower_bound":4.007183688194457,"upper_bound":4.1294319569040985},"point_estimate":4.067919386563656,"standard_error":0.030929086225587595},"median":{"confidence_interval":{"confidence_level":0.95,"lower_bound":4.034521273080316,"upper_bound":4.166456394793116},"point_estimate":4.121303978363391,"standard_error":0.034957882459658376}}