{"mean":{"confidence_interval":{"confidence_level":0.95,"lower_bound":0.03215679857732483,"upper_bound":0.06599750074754304},"point_estimate":0.048191281176391154,"standard_error":0.008193775879350147},"median":{"confidence_interval":{"confidence_level":0.95,"lower_bound":0.0010246534394087181,"upper_bound":0.03360833328586299},"point_estimate":0.004322126082076716,"standard_error":0.009566600612162938}}