{"mean":{"confidence_interval":{"confidence_level":0.95,"lower_bound":-0.687426580813361,"upper_bound":-0.6848640037336581},"point_estimate":-0.6861069336979674,"standard_error":0.0006503093419460903},"median":{"confidence_interval":{"confidence_level":0.95,"lower_bound":-0.6866921281005023,"upper_bound":-0.6852121279602315},"point_estimate":-0.6857779152817595,"standard_error":0.0004063950654300867}}