{"mean":{"confidence_interval":{"confidence_level":0.95,"lower_bound":-0.6426449765077178,"upper_bound":-0.6403269627755329},"point_estimate":-0.6414188458728123,"standard_error":0.0005910300777415012},"median":{"confidence_interval":{"confidence_level":0.95,"lower_bound":-0.6416189402006571,"upper_bound":-0.6406215273385059},"point_estimate":-0.6409935420004549,"standard_error":0.0002604769878192154}}