{"mean":{"confidence_interval":{"confidence_level":0.95,"lower_bound":96.23833883667743,"upper_bound":96.59635886253434},"point_estimate":96.40512556602232,"standard_error":0.09146599717318575},"median":{"confidence_interval":{"confidence_level":0.95,"lower_bound":95.99528348228455,"upper_bound":96.18275683054856},"point_estimate":96.08442799681353,"standard_error":0.05571509474309621},"median_abs_dev":{"confidence_interval":{"confidence_level":0.95,"lower_bound":0.21337382199985475,"upper_bound":0.4210788390522646},"point_estimate":0.29220494290849786,"standard_error":0.051534861598587514},"slope":{"confidence_interval":{"confidence_level":0.95,"lower_bound":96.27462335461057,"upper_bound":96.77442917890403},"point_estimate":96.51466041365003,"standard_error":0.12758023283717304},"std_dev":{"confidence_interval":{"confidence_level":0.95,"lower_bound":0.631052982500518,"upper_bound":1.159396367182873},"point_estimate":0.9209015024220101,"standard_error":0.13459292938120032}}