{"mean":{"confidence_interval":{"confidence_level":0.95,"lower_bound":-0.8964534626232485,"upper_bound":-0.894611547255815},"point_estimate":-0.8955764778725267,"standard_error":0.0004707939994675248},"median":{"confidence_interval":{"confidence_level":0.95,"lower_bound":-0.8978316171894094,"upper_bound":-0.8960494703315659},"point_estimate":-0.8974576243631308,"standard_error":0.0004900996674054012}}