{"mean":{"confidence_interval":{"confidence_level":0.95,"lower_bound":-0.9736108806783171,"upper_bound":-0.9731332073202161},"point_estimate":-0.9734014944914976,"standard_error":0.00011984412679594816},"median":{"confidence_interval":{"confidence_level":0.95,"lower_bound":-0.9735275810050537,"upper_bound":-0.9732736628982737},"point_estimate":-0.9733895537754911,"standard_error":0.00006525120268177523}}