{"mean":{"confidence_interval":{"confidence_level":0.95,"lower_bound":13.51112753447992,"upper_bound":13.687800698187036},"point_estimate":13.587072978640556,"standard_error":0.04532053324004515},"median":{"confidence_interval":{"confidence_level":0.95,"lower_bound":13.448636518737864,"upper_bound":13.485976727592762},"point_estimate":13.472151037297493,"standard_error":0.009961771051192841},"median_abs_dev":{"confidence_interval":{"confidence_level":0.95,"lower_bound":0.06031977611855658,"upper_bound":0.11500706765334091},"point_estimate":0.08573162931695184,"standard_error":0.013857007724739951},"slope":{"confidence_interval":{"confidence_level":0.95,"lower_bound":13.461022553934866,"upper_bound":13.557448387150638},"point_estimate":13.5028074825205,"standard_error":0.024883812678627795},"std_dev":{"confidence_interval":{"confidence_level":0.95,"lower_bound":0.16991559171872303,"upper_bound":0.6815423819208015},"point_estimate":0.4497609969500224,"standard_error":0.137157124350564}}