{"mean":{"confidence_interval":{"confidence_level":0.95,"lower_bound":-0.18065803079211326,"upper_bound":-0.17078653248079825},"point_estimate":-0.17584307357292905,"standard_error":0.0025113977590931935},"median":{"confidence_interval":{"confidence_level":0.95,"lower_bound":-0.1723953234409036,"upper_bound":-0.1599709945323956},"point_estimate":-0.1660336402189514,"standard_error":0.0033719447059383733}}