{"mean":{"confidence_interval":{"confidence_level":0.95,"lower_bound":-0.04089126577900453,"upper_bound":-0.02349964488990545},"point_estimate":-0.03295347550275529,"standard_error":0.004412423506319592},"median":{"confidence_interval":{"confidence_level":0.95,"lower_bound":-0.056843171450609575,"upper_bound":-0.04656127393978493},"point_estimate":-0.05250313553905639,"standard_error":0.0026273163519673014}}