{"mean":{"confidence_interval":{"confidence_level":0.95,"lower_bound":7.27934055550177,"upper_bound":7.430116045955803},"point_estimate":7.352025373649324,"standard_error":0.03860612465702076},"median":{"confidence_interval":{"confidence_level":0.95,"lower_bound":7.2744542657487,"upper_bound":7.372125033956561},"point_estimate":7.322449051761721,"standard_error":0.025320758444058594}}