{"mean":{"confidence_interval":{"confidence_level":0.95,"lower_bound":-0.4705423584814193,"upper_bound":-0.4563270665493416},"point_estimate":-0.4636226453544783,"standard_error":0.0036596358130453143},"median":{"confidence_interval":{"confidence_level":0.95,"lower_bound":-0.4753907505212257,"upper_bound":-0.4594070980614662},"point_estimate":-0.4644615266244462,"standard_error":0.004265587143361116}}