{"mean":{"confidence_interval":{"confidence_level":0.95,"lower_bound":0.8094589903601551,"upper_bound":0.8624349570611878},"point_estimate":0.8358585467788284,"standard_error":0.013481664816983322},"median":{"confidence_interval":{"confidence_level":0.95,"lower_bound":0.818170510060231,"upper_bound":0.901642489745117},"point_estimate":0.8475005978069077,"standard_error":0.021505973928773525}}