{"mean":{"confidence_interval":{"confidence_level":0.95,"lower_bound":61.144078864134705,"upper_bound":62.028251254673854},"point_estimate":61.55508073783521,"standard_error":0.22646221888395335},"median":{"confidence_interval":{"confidence_level":0.95,"lower_bound":60.49571062100213,"upper_bound":60.730085131067355},"point_estimate":60.58869223558517,"standard_error":0.05182853344777047},"median_abs_dev":{"confidence_interval":{"confidence_level":0.95,"lower_bound":0.19849638308865641,"upper_bound":0.4938914376330273},"point_estimate":0.32467675227617193,"standard_error":0.07338395756317848},"slope":{"confidence_interval":{"confidence_level":0.95,"lower_bound":60.97737019016771,"upper_bound":62.34437427921343},"point_estimate":61.602419161187036,"standard_error":0.3509962578094988},"std_dev":{"confidence_interval":{"confidence_level":0.95,"lower_bound":1.4983697293683056,"upper_bound":2.996973128111279},"point_estimate":2.2874611452330336,"standard_error":0.3839291128241678}}