{"mean":{"confidence_interval":{"confidence_level":0.95,"lower_bound":0.011820634123773202,"upper_bound":0.04089771822088206},"point_estimate":0.025634534641335138,"standard_error":0.00746364796125003},"median":{"confidence_interval":{"confidence_level":0.95,"lower_bound":0.011742960017535387,"upper_bound":0.029719705440956368},"point_estimate":0.022822793014242837,"standard_error":0.0047308689080935405}}