{"mean":{"confidence_interval":{"confidence_level":0.95,"lower_bound":-0.46419634483610783,"upper_bound":-0.4525800743341638},"point_estimate":-0.4581873418664646,"standard_error":0.002974029252144238},"median":{"confidence_interval":{"confidence_level":0.95,"lower_bound":-0.46739631841745255,"upper_bound":-0.45777997603615583},"point_estimate":-0.46421107513153514,"standard_error":0.0026728187814521196}}