{"mean":{"confidence_interval":{"confidence_level":0.95,"lower_bound":0.5141223849009884,"upper_bound":0.5524510156415544},"point_estimate":0.5326614756970798,"standard_error":0.009752659170950981},"median":{"confidence_interval":{"confidence_level":0.95,"lower_bound":0.5058205990314746,"upper_bound":0.546153631544709},"point_estimate":0.5271826492162408,"standard_error":0.010064475862294751}}