{"mean":{"confidence_interval":{"confidence_level":0.95,"lower_bound":0.005589765644020763,"upper_bound":0.01767295572174808},"point_estimate":0.010734619232419806,"standard_error":0.0029992738158534722},"median":{"confidence_interval":{"confidence_level":0.95,"lower_bound":0.0019076609251214016,"upper_bound":0.009913031355568203},"point_estimate":0.00545561624609503,"standard_error":0.0022998588838171533}}