{"mean":{"confidence_interval":{"confidence_level":0.95,"lower_bound":-0.2900316219798392,"upper_bound":-0.28248305078606645},"point_estimate":-0.2860305808797412,"standard_error":0.0019182759790207604},"median":{"confidence_interval":{"confidence_level":0.95,"lower_bound":-0.2837629977762745,"upper_bound":-0.27852260927843886},"point_estimate":-0.2813801472879286,"standard_error":0.0014370629698265585}}