{"mean":{"confidence_interval":{"confidence_level":0.95,"lower_bound":3.931982610663585,"upper_bound":4.226544325742305},"point_estimate":4.085627247032599,"standard_error":0.07525606896995171},"median":{"confidence_interval":{"confidence_level":0.95,"lower_bound":4.2083296724716766,"upper_bound":4.313769540515208},"point_estimate":4.254163096571016,"standard_error":0.027125760433338787}}