{"mean":{"confidence_interval":{"confidence_level":0.95,"lower_bound":-0.002668245121088408,"upper_bound":0.010929614829242795},"point_estimate":0.0038865757667527756,"standard_error":0.0034814073922386874},"median":{"confidence_interval":{"confidence_level":0.95,"lower_bound":-0.006947899415663999,"upper_bound":0.00399085383717801},"point_estimate":-0.002041250430173558,"standard_error":0.002739349127677726}}