{"mean":{"confidence_interval":{"confidence_level":0.95,"lower_bound":-0.06982429450778178,"upper_bound":-0.03202128922506056},"point_estimate":-0.04967380600489779,"standard_error":0.009706632483519915},"median":{"confidence_interval":{"confidence_level":0.95,"lower_bound":-0.0481245163849795,"upper_bound":-0.027183270404396942},"point_estimate":-0.04282260965677687,"standard_error":0.005271691686150313}}