{"mean":{"confidence_interval":{"confidence_level":0.95,"lower_bound":7.448370885639351,"upper_bound":7.691739450806899},"point_estimate":7.573665920042927,"standard_error":0.06220117583060338},"median":{"confidence_interval":{"confidence_level":0.95,"lower_bound":7.568514816753716,"upper_bound":7.831935834729489},"point_estimate":7.704801263029154,"standard_error":0.07048104637627421}}