{"mean":{"confidence_interval":{"confidence_level":0.95,"lower_bound":3.975197987796101,"upper_bound":4.105794276254538},"point_estimate":4.039962912460777,"standard_error":0.03340368986824734},"median":{"confidence_interval":{"confidence_level":0.95,"lower_bound":3.992190670812297,"upper_bound":4.094759067545799},"point_estimate":4.05065362464323,"standard_error":0.027059663685603492}}