{"mean":{"confidence_interval":{"confidence_level":0.95,"lower_bound":0.03138638584704925,"upper_bound":0.07509943389421668},"point_estimate":0.051319291895433494,"standard_error":0.011123055999888692},"median":{"confidence_interval":{"confidence_level":0.95,"lower_bound":-0.004477216596258882,"upper_bound":0.012891367693802724},"point_estimate":0.0012417856393927007,"standard_error":0.004319308592583078}}