{"mean":{"confidence_interval":{"confidence_level":0.95,"lower_bound":0.6820659943094044,"upper_bound":0.6970112290495301},"point_estimate":0.6889199014993883,"standard_error":0.0038249129220381635},"median":{"confidence_interval":{"confidence_level":0.95,"lower_bound":0.6719905767931877,"upper_bound":0.6772837915989208},"point_estimate":0.6740643793265524,"standard_error":0.001479198663769753},"median_abs_dev":{"confidence_interval":{"confidence_level":0.95,"lower_bound":0.003944348937680924,"upper_bound":0.010902109183834061},"point_estimate":0.006953070207238064,"standard_error":0.0018628530273013036},"slope":{"confidence_interval":{"confidence_level":0.95,"lower_bound":0.6745004688843104,"upper_bound":0.6784299452907608},"point_estimate":0.6763270011886514,"standard_error":0.001002192326400005},"std_dev":{"confidence_interval":{"confidence_level":0.95,"lower_bound":0.022739925557153557,"upper_bound":0.052542990402198154},"point_estimate":0.038522554905968794,"standard_error":0.00770093700190271}}