{"mean":{"confidence_interval":{"confidence_level":0.95,"lower_bound":13.603636311975347,"upper_bound":13.80175243187214},"point_estimate":13.691368578316066,"standard_error":0.05079088251067853},"median":{"confidence_interval":{"confidence_level":0.95,"lower_bound":13.46832843013817,"upper_bound":13.582014517646716},"point_estimate":13.504426755299907,"standard_error":0.030899567773059744},"median_abs_dev":{"confidence_interval":{"confidence_level":0.95,"lower_bound":0.1226597831685461,"upper_bound":0.2818916049618503},"point_estimate":0.17577834770361822,"standard_error":0.04077482410250027},"slope":{"confidence_interval":{"confidence_level":0.95,"lower_bound":13.48783879210318,"upper_bound":13.608046074007227},"point_estimate":13.541420240709682,"standard_error":0.030796855641719183},"std_dev":{"confidence_interval":{"confidence_level":0.95,"lower_bound":0.27934818175225967,"upper_bound":0.7420822634600364},"point_estimate":0.5070125034155869,"standard_error":0.13261094620293673}}