{"mean":{"confidence_interval":{"confidence_level":0.95,"lower_bound":1.609147727612664,"upper_bound":1.6266802178434916},"point_estimate":1.6168916501237902,"standard_error":0.004490088414383521},"median":{"confidence_interval":{"confidence_level":0.95,"lower_bound":1.5970600642453727,"upper_bound":1.6091206462987544},"point_estimate":1.6021728722879267,"standard_error":0.003482621031825896},"median_abs_dev":{"confidence_interval":{"confidence_level":0.95,"lower_bound":0.008794134338238085,"upper_bound":0.023166324210619035},"point_estimate":0.014847171078307492,"standard_error":0.004065279879203807},"slope":{"confidence_interval":{"confidence_level":0.95,"lower_bound":1.6005938627574574,"upper_bound":1.6094718097694583},"point_estimate":1.6046613852022489,"standard_error":0.0022762795520020625},"std_dev":{"confidence_interval":{"confidence_level":0.95,"lower_bound":0.022364428360277307,"upper_bound":0.06698392442529226},"point_estimate":0.045059258692024755,"standard_error":0.012382209912332458}}