{"mean":{"confidence_interval":{"confidence_level":0.95,"lower_bound":-0.366358170930075,"upper_bound":-0.3534143511028135},"point_estimate":-0.36000447510094524,"standard_error":0.003301359935640491},"median":{"confidence_interval":{"confidence_level":0.95,"lower_bound":-0.3638518614957664,"upper_bound":-0.3430519461852779},"point_estimate":-0.3490428531512355,"standard_error":0.005880274491722263}}