{"mean":{"confidence_interval":{"confidence_level":0.95,"lower_bound":0.5886180930258565,"upper_bound":0.6269968032069502},"point_estimate":0.6095259270712567,"standard_error":0.009832532148984644},"median":{"confidence_interval":{"confidence_level":0.95,"lower_bound":0.5726989724961491,"upper_bound":0.6264568971274314},"point_estimate":0.5873372664894114,"standard_error":0.01477790629716738}}