{"mean":{"confidence_interval":{"confidence_level":0.95,"lower_bound":6.904544760082242,"upper_bound":7.157048152072601},"point_estimate":7.0345819031674335,"standard_error":0.06471748700633372},"median":{"confidence_interval":{"confidence_level":0.95,"lower_bound":7.029614254711207,"upper_bound":7.231726529062307},"point_estimate":7.120935314830783,"standard_error":0.05076972493591418}}