{"mean":{"confidence_interval":{"confidence_level":0.95,"lower_bound":0.10439107456280108,"upper_bound":0.13218999944360266},"point_estimate":0.11836808524378606,"standard_error":0.007134120161629604},"median":{"confidence_interval":{"confidence_level":0.95,"lower_bound":0.098604713543202,"upper_bound":0.11257630689704934},"point_estimate":0.10416364150336954,"standard_error":0.003562637682475269}}