{"mean":{"confidence_interval":{"confidence_level":0.95,"lower_bound":-0.05095370818224875,"upper_bound":-0.0314064538974718},"point_estimate":-0.040744185845626224,"standard_error":0.0049998904214057244},"median":{"confidence_interval":{"confidence_level":0.95,"lower_bound":-0.04594305152255418,"upper_bound":-0.021319122859247197},"point_estimate":-0.029973844355434043,"standard_error":0.0068894099325514145}}