{"mean":{"confidence_interval":{"confidence_level":0.95,"lower_bound":-0.9062482210378434,"upper_bound":-0.9039321135352654},"point_estimate":-0.9050848224135105,"standard_error":0.0005877839279333375},"median":{"confidence_interval":{"confidence_level":0.95,"lower_bound":-0.9064754617759425,"upper_bound":-0.9052384211026339},"point_estimate":-0.9057922582419257,"standard_error":0.000314940401082175}}