{"mean":{"confidence_interval":{"confidence_level":0.95,"lower_bound":-0.8337125615909081,"upper_bound":-0.8282271057140143},"point_estimate":-0.830977023858787,"standard_error":0.0013937366337669118},"median":{"confidence_interval":{"confidence_level":0.95,"lower_bound":-0.8311950690684224,"upper_bound":-0.8284414193788346},"point_estimate":-0.8297032451315811,"standard_error":0.000715498268393823}}