{"mean":{"confidence_interval":{"confidence_level":0.95,"lower_bound":0.0007922721987072896,"upper_bound":0.014811365198908025},"point_estimate":0.007752724849017456,"standard_error":0.0035540092079443058},"median":{"confidence_interval":{"confidence_level":0.95,"lower_bound":-0.0007112566986979354,"upper_bound":0.01655466513152426},"point_estimate":0.002864161886740657,"standard_error":0.004129005363659092}}