{"mean":{"confidence_interval":{"confidence_level":0.95,"lower_bound":0.003915672804208903,"upper_bound":0.014389995526658787},"point_estimate":0.008964823857161575,"standard_error":0.0026267978832650446},"median":{"confidence_interval":{"confidence_level":0.95,"lower_bound":0.003757284958658458,"upper_bound":0.00892064653882014},"point_estimate":0.006378688757930018,"standard_error":0.0013058943823220303}}