{"mean":{"confidence_interval":{"confidence_level":0.95,"lower_bound":-0.9708811284296059,"upper_bound":-0.9704504077237478},"point_estimate":-0.970667941897476,"standard_error":0.00011100435437551268},"median":{"confidence_interval":{"confidence_level":0.95,"lower_bound":-0.9709619914567925,"upper_bound":-0.970773891170204},"point_estimate":-0.97088105347214,"standard_error":0.000049300548372115964}}