{"mean":{"confidence_interval":{"confidence_level":0.95,"lower_bound":225.0965130009073,"upper_bound":228.55916990619568},"point_estimate":226.62571995892802,"standard_error":0.8902572124892297},"median":{"confidence_interval":{"confidence_level":0.95,"lower_bound":223.26108993047768,"upper_bound":226.7243746729461},"point_estimate":224.91987513161604,"standard_error":0.7674490103627497},"median_abs_dev":{"confidence_interval":{"confidence_level":0.95,"lower_bound":3.828154277805605,"upper_bound":6.176935411368188},"point_estimate":5.489974173043799,"standard_error":0.5442220686902137},"slope":{"confidence_interval":{"confidence_level":0.95,"lower_bound":223.57631670969488,"upper_bound":226.18701550344556},"point_estimate":224.75252928202917,"standard_error":0.6698325237864173},"std_dev":{"confidence_interval":{"confidence_level":0.95,"lower_bound":4.310641483742012,"upper_bound":13.415290019968712},"point_estimate":8.958572075929354,"standard_error":2.5394216320534566}}