{"mean":{"confidence_interval":{"confidence_level":0.95,"lower_bound":4.57757667182845,"upper_bound":4.654551361818843},"point_estimate":4.613747006891661,"standard_error":0.01966722006454146},"median":{"confidence_interval":{"confidence_level":0.95,"lower_bound":4.511742751809203,"upper_bound":4.583940615322892},"point_estimate":4.546499321167259,"standard_error":0.018271241250668976},"median_abs_dev":{"confidence_interval":{"confidence_level":0.95,"lower_bound":0.07195208738538311,"upper_bound":0.15513508445483476},"point_estimate":0.11310589641109692,"standard_error":0.02014442106725087},"slope":{"confidence_interval":{"confidence_level":0.95,"lower_bound":4.523744668815526,"upper_bound":4.565120541463628},"point_estimate":4.542585529208202,"standard_error":0.010570449680474775},"std_dev":{"confidence_interval":{"confidence_level":0.95,"lower_bound":0.14029296560011917,"upper_bound":0.25132128919362995},"point_estimate":0.19738835166254856,"standard_error":0.028641532622702033}}