{"mean":{"confidence_interval":{"confidence_level":0.95,"lower_bound":-0.009498181080737583,"upper_bound":0.06398655710008926},"point_estimate":0.02872069138504707,"standard_error":0.01885486747436422},"median":{"confidence_interval":{"confidence_level":0.95,"lower_bound":0.06334615514739035,"upper_bound":0.08168627083149847},"point_estimate":0.07294610784059374,"standard_error":0.004446309372729237}}