{"mean":{"confidence_interval":{"confidence_level":0.95,"lower_bound":-0.36158604729076443,"upper_bound":-0.3376570182560359},"point_estimate":-0.3495592601877503,"standard_error":0.006119254833550501},"median":{"confidence_interval":{"confidence_level":0.95,"lower_bound":-0.3446947841615343,"upper_bound":-0.32677330576947294},"point_estimate":-0.3373061721419799,"standard_error":0.004501649415813707}}