{"mean":{"confidence_interval":{"confidence_level":0.95,"lower_bound":1.5523211942614343,"upper_bound":1.6508525991723821},"point_estimate":1.6047274760994692,"standard_error":0.025169165083051056},"median":{"confidence_interval":{"confidence_level":0.95,"lower_bound":1.5836101300995007,"upper_bound":1.6861942251382698},"point_estimate":1.6329392539307395,"standard_error":0.02621840305832435}}