{"mean":{"confidence_interval":{"confidence_level":0.95,"lower_bound":0.013842615123799413,"upper_bound":0.04136848380456614},"point_estimate":0.026025041138654004,"standard_error":0.006896927908033735},"median":{"confidence_interval":{"confidence_level":0.95,"lower_bound":0.001410415978059243,"upper_bound":0.017856242563110802},"point_estimate":0.004220253139154639,"standard_error":0.004390789099851904}}