{"mean":{"confidence_interval":{"confidence_level":0.95,"lower_bound":-0.19491863937977472,"upper_bound":-0.1798584932278724},"point_estimate":-0.1873275563878044,"standard_error":0.003848943066313312},"median":{"confidence_interval":{"confidence_level":0.95,"lower_bound":-0.19495081764496924,"upper_bound":-0.18084343657094426},"point_estimate":-0.1914427678775853,"standard_error":0.0038155447687065625}}