{"mean":{"confidence_interval":{"confidence_level":0.95,"lower_bound":0.9440114313567463,"upper_bound":1.007204896267316},"point_estimate":0.978134667296626,"standard_error":0.016124763979446365},"median":{"confidence_interval":{"confidence_level":0.95,"lower_bound":0.9554230120062013,"upper_bound":1.0092995922291264},"point_estimate":0.9845494152659386,"standard_error":0.013355726471779017}}