{"mean":{"confidence_interval":{"confidence_level":0.95,"lower_bound":316.97305772300075,"upper_bound":326.67249657613104},"point_estimate":321.54038247489103,"standard_error":2.4833836840094077},"median":{"confidence_interval":{"confidence_level":0.95,"lower_bound":310.01088110403396,"upper_bound":317.1854143174961},"point_estimate":311.8233441163291,"standard_error":2.200124294868424},"median_abs_dev":{"confidence_interval":{"confidence_level":0.95,"lower_bound":9.045771156236215,"upper_bound":17.474614525220055},"point_estimate":11.705777963411162,"standard_error":2.3764102408623},"slope":{"confidence_interval":{"confidence_level":0.95,"lower_bound":309.1930996924474,"upper_bound":312.43479420708184},"point_estimate":310.7147948784801,"standard_error":0.8282550141024145},"std_dev":{"confidence_interval":{"confidence_level":0.95,"lower_bound":17.07008550716959,"upper_bound":31.679142498695356},"point_estimate":24.96193922113874,"standard_error":3.735291115111441}}