{"mean":{"confidence_interval":{"confidence_level":0.95,"lower_bound":-0.9737856827728777,"upper_bound":-0.9732900144695408},"point_estimate":-0.9735538943093676,"standard_error":0.00012713292510222485},"median":{"confidence_interval":{"confidence_level":0.95,"lower_bound":-0.9736146072396116,"upper_bound":-0.9733996403438081},"point_estimate":-0.973524156000203,"standard_error":0.00005609407121934095}}