{"mean":{"confidence_interval":{"confidence_level":0.95,"lower_bound":-0.04305385484299804,"upper_bound":-0.02269687037194754},"point_estimate":-0.03243229490419097,"standard_error":0.00519246476359845},"median":{"confidence_interval":{"confidence_level":0.95,"lower_bound":-0.03472447844623895,"upper_bound":-0.01622730185305807},"point_estimate":-0.023984025920121943,"standard_error":0.004428893194095446}}