{"mean":{"confidence_interval":{"confidence_level":0.95,"lower_bound":-0.03987918451452019,"upper_bound":-0.017078923595138074},"point_estimate":-0.02907261592507815,"standard_error":0.005834415559501883},"median":{"confidence_interval":{"confidence_level":0.95,"lower_bound":-0.03971405983994235,"upper_bound":-0.020839717859503892},"point_estimate":-0.030862109119775383,"standard_error":0.004220902528463664}}