{"mean":{"confidence_interval":{"confidence_level":0.95,"lower_bound":-0.4793478589240101,"upper_bound":-0.45914869004845105},"point_estimate":-0.46946217051604766,"standard_error":0.005106565379243131},"median":{"confidence_interval":{"confidence_level":0.95,"lower_bound":-0.49262171749605954,"upper_bound":-0.48068487036847063},"point_estimate":-0.48785910611899497,"standard_error":0.003059079890313853}}