{"mean":{"confidence_interval":{"confidence_level":0.95,"lower_bound":-0.27214041770066527,"upper_bound":-0.26512206786094017},"point_estimate":-0.26860696923505545,"standard_error":0.0017983109591551034},"median":{"confidence_interval":{"confidence_level":0.95,"lower_bound":-0.27102699768389427,"upper_bound":-0.264648287339476},"point_estimate":-0.2670903972310099,"standard_error":0.0016440973258587338}}