{"mean":{"confidence_interval":{"confidence_level":0.95,"lower_bound":7.275121741247831,"upper_bound":7.482109905906485},"point_estimate":7.378036899496877,"standard_error":0.05317384155753037},"median":{"confidence_interval":{"confidence_level":0.95,"lower_bound":7.276603442414752,"upper_bound":7.364594287410771},"point_estimate":7.31941085091637,"standard_error":0.02277954031319258}}