{"mean":{"confidence_interval":{"confidence_level":0.95,"lower_bound":-0.973945618985914,"upper_bound":-0.9728656350241078},"point_estimate":-0.9734379215839258,"standard_error":0.0002687098443073302},"median":{"confidence_interval":{"confidence_level":0.95,"lower_bound":-0.9740382907992693,"upper_bound":-0.9737998532484226},"point_estimate":-0.9739348007052566,"standard_error":0.00006364783917644225}}