{"mean":{"confidence_interval":{"confidence_level":0.95,"lower_bound":-0.03325252821604919,"upper_bound":0.00431217399816071},"point_estimate":-0.016325998524777452,"standard_error":0.00955519323908685},"median":{"confidence_interval":{"confidence_level":0.95,"lower_bound":-0.04575837844752373,"upper_bound":-0.021262951856435897},"point_estimate":-0.03724818650019979,"standard_error":0.006202476809755366}}