{"mean":{"confidence_interval":{"confidence_level":0.95,"lower_bound":-0.9771411966966866,"upper_bound":-0.9767841348616044},"point_estimate":-0.976956813230428,"standard_error":0.00009103881720549379},"median":{"confidence_interval":{"confidence_level":0.95,"lower_bound":-0.9770295958673316,"upper_bound":-0.976757570599543},"point_estimate":-0.9768785672094863,"standard_error":0.00006993541197787624}}