{"mean":{"confidence_interval":{"confidence_level":0.95,"lower_bound":0.3678300129487001,"upper_bound":0.3793283784900407},"point_estimate":0.37328827139313053,"standard_error":0.0029310037736467115},"median":{"confidence_interval":{"confidence_level":0.95,"lower_bound":0.3607272233371307,"upper_bound":0.36881349470170194},"point_estimate":0.3650302594576985,"standard_error":0.001953157141190605},"median_abs_dev":{"confidence_interval":{"confidence_level":0.95,"lower_bound":0.0119650905627975,"upper_bound":0.021752124771577463},"point_estimate":0.016103661081097603,"standard_error":0.0026012444035815566},"slope":{"confidence_interval":{"confidence_level":0.95,"lower_bound":0.35816377070144917,"upper_bound":0.36745734878207115},"point_estimate":0.3626296241202381,"standard_error":0.0023736560892469775},"std_dev":{"confidence_interval":{"confidence_level":0.95,"lower_bound":0.021264423986449038,"upper_bound":0.03672991665918288},"point_estimate":0.02934063009787477,"standard_error":0.003953158939567418}}