{"mean":{"confidence_interval":{"confidence_level":0.95,"lower_bound":-0.004355524531762528,"upper_bound":0.005466071015032646},"point_estimate":0.0006468873003377951,"standard_error":0.002522830799852459},"median":{"confidence_interval":{"confidence_level":0.95,"lower_bound":-0.002543442498660342,"upper_bound":0.0015625435051778158},"point_estimate":0.0005028092712102694,"standard_error":0.0010495573584032262}}