{"mean":{"confidence_interval":{"confidence_level":0.95,"lower_bound":-0.9739963205127694,"upper_bound":-0.973624979675331},"point_estimate":-0.9738141520570378,"standard_error":0.0000947460489821578},"median":{"confidence_interval":{"confidence_level":0.95,"lower_bound":-0.9740242582754812,"upper_bound":-0.9737558010575991},"point_estimate":-0.9738672597631176,"standard_error":0.00007678363394412601}}