{"mean":{"confidence_interval":{"confidence_level":0.95,"lower_bound":1.1204006983661146,"upper_bound":1.1657876795936182},"point_estimate":1.1431291028368396,"standard_error":0.011278348887306925},"median":{"confidence_interval":{"confidence_level":0.95,"lower_bound":1.102624649646986,"upper_bound":1.1215756256352707},"point_estimate":1.110052260209764,"standard_error":0.004330376825057678}}