{"mean":{"confidence_interval":{"confidence_level":0.95,"lower_bound":-0.942195416727026,"upper_bound":-0.9414716591998428},"point_estimate":-0.941826761704954,"standard_error":0.00018581127269497622},"median":{"confidence_interval":{"confidence_level":0.95,"lower_bound":-0.9422942031847186,"upper_bound":-0.9415989134836101},"point_estimate":-0.9421235617244551,"standard_error":0.00013607356123998305}}