{"mean":{"confidence_interval":{"confidence_level":0.95,"lower_bound":7.538462898935246,"upper_bound":7.701799644326194},"point_estimate":7.614599569402955,"standard_error":0.041552872339734294},"median":{"confidence_interval":{"confidence_level":0.95,"lower_bound":7.517578492460313,"upper_bound":7.636849861791351},"point_estimate":7.563009288169521,"standard_error":0.0327861200653888}}