{"mean":{"confidence_interval":{"confidence_level":0.95,"lower_bound":-0.9204603661808483,"upper_bound":-0.9178338090862286},"point_estimate":-0.9192362086267732,"standard_error":0.0006896179793611867},"median":{"confidence_interval":{"confidence_level":0.95,"lower_bound":-0.9215894376016004,"upper_bound":-0.9190238437512812},"point_estimate":-0.9207599058621888,"standard_error":0.000570167481156654}}