{"mean":{"confidence_interval":{"confidence_level":0.95,"lower_bound":-0.2765091606931306,"upper_bound":-0.26506883135306},"point_estimate":-0.270863883905473,"standard_error":0.002906447996073143},"median":{"confidence_interval":{"confidence_level":0.95,"lower_bound":-0.27676108437767255,"upper_bound":-0.26635960034314204},"point_estimate":-0.27368810971195245,"standard_error":0.0027038265645363572}}