{"mean":{"confidence_interval":{"confidence_level":0.95,"lower_bound":-0.893134617266893,"upper_bound":-0.89197566991034},"point_estimate":-0.8925600727598877,"standard_error":0.0002939124723540674},"median":{"confidence_interval":{"confidence_level":0.95,"lower_bound":-0.8932467782429077,"upper_bound":-0.8923328666080712},"point_estimate":-0.8927576029679983,"standard_error":0.00020652346910688226}}