{"mean":{"confidence_interval":{"confidence_level":0.95,"lower_bound":0.10727158724125714,"upper_bound":0.15957340571915388},"point_estimate":0.13271316770807018,"standard_error":0.013287681865867857},"median":{"confidence_interval":{"confidence_level":0.95,"lower_bound":0.13574961861351276,"upper_bound":0.18257164941905168},"point_estimate":0.15651937100561808,"standard_error":0.011985465294376212}}