{"mean":{"confidence_interval":{"confidence_level":0.95,"lower_bound":0.028287608060972958,"upper_bound":0.06564703756140995},"point_estimate":0.0465840973486753,"standard_error":0.00953174488316619},"median":{"confidence_interval":{"confidence_level":0.95,"lower_bound":0.0003317650063618949,"upper_bound":0.03061591837886435},"point_estimate":0.01479830129504589,"standard_error":0.008606135588420423}}