{"mean":{"confidence_interval":{"confidence_level":0.95,"lower_bound":-0.9733895475722985,"upper_bound":-0.9725747523481763},"point_estimate":-0.9730100645927002,"standard_error":0.0001948331558448058},"median":{"confidence_interval":{"confidence_level":0.95,"lower_bound":-0.9736500575912805,"upper_bound":-0.9730660311028414},"point_estimate":-0.9734217341897845,"standard_error":0.00015155131526602925}}