{"mean":{"confidence_interval":{"confidence_level":0.95,"lower_bound":-0.8924273795526891,"upper_bound":-0.8892343960376268},"point_estimate":-0.8910288937173864,"standard_error":0.0008305715028664168},"median":{"confidence_interval":{"confidence_level":0.95,"lower_bound":-0.892332827049214,"upper_bound":-0.8914939167678487},"point_estimate":-0.891937436586026,"standard_error":0.00021653942756056147}}