{"mean":{"confidence_interval":{"confidence_level":0.95,"lower_bound":-0.9707471323535939,"upper_bound":-0.9704870244406641},"point_estimate":-0.9706132816582984,"standard_error":0.00006716049224284692},"median":{"confidence_interval":{"confidence_level":0.95,"lower_bound":-0.9708333644891739,"upper_bound":-0.9705130149545124},"point_estimate":-0.9707129831158023,"standard_error":0.00007522184183748846}}