{"mean":{"confidence_interval":{"confidence_level":0.95,"lower_bound":-0.005499223365001898,"upper_bound":0.002786257786931077},"point_estimate":-0.001050133148182475,"standard_error":0.0021034284922612392},"median":{"confidence_interval":{"confidence_level":0.95,"lower_bound":-0.002840071706139091,"upper_bound":0.0014960161367842159},"point_estimate":-0.000380532397794453,"standard_error":0.0010837483069921206}}