{"mean":{"confidence_interval":{"confidence_level":0.95,"lower_bound":-0.07252977222998247,"upper_bound":-0.042316996994813234},"point_estimate":-0.057565261619251906,"standard_error":0.007713467475696006},"median":{"confidence_interval":{"confidence_level":0.95,"lower_bound":-0.050686896710355374,"upper_bound":-0.010596115289156605},"point_estimate":-0.029006977917907073,"standard_error":0.009719498376177638}}