{"mean":{"confidence_interval":{"confidence_level":0.95,"lower_bound":-0.026577773119904752,"upper_bound":-0.011037760012631475},"point_estimate":-0.018251811444913724,"standard_error":0.003973978160608439},"median":{"confidence_interval":{"confidence_level":0.95,"lower_bound":-0.034703360347672074,"upper_bound":-0.014309762777352778},"point_estimate":-0.02448503926892165,"standard_error":0.0051457147912092206}}