{"mean":{"confidence_interval":{"confidence_level":0.95,"lower_bound":-0.10329087610336009,"upper_bound":-0.08035000271584965},"point_estimate":-0.09126215700858664,"standard_error":0.005871382868596021},"median":{"confidence_interval":{"confidence_level":0.95,"lower_bound":-0.08560145130707508,"upper_bound":-0.06744669186476748},"point_estimate":-0.07518482934241355,"standard_error":0.0048364663411373235}}