{"mean":{"confidence_interval":{"confidence_level":0.95,"lower_bound":-0.994009040199116,"upper_bound":-0.9938075029225003},"point_estimate":-0.9939143916886118,"standard_error":0.00005323894339158495},"median":{"confidence_interval":{"confidence_level":0.95,"lower_bound":-0.9940841779683873,"upper_bound":-0.9939607034613592},"point_estimate":-0.9940188863121618,"standard_error":0.00003126488098753133}}