{"mean":{"confidence_interval":{"confidence_level":0.95,"lower_bound":-0.26320938743076744,"upper_bound":-0.25706642201432434},"point_estimate":-0.26006156593403906,"standard_error":0.001569042397432464},"median":{"confidence_interval":{"confidence_level":0.95,"lower_bound":-0.26287541045654184,"upper_bound":-0.2561481031453693},"point_estimate":-0.26037295688415196,"standard_error":0.0015412558205876658}}