{"mean":{"confidence_interval":{"confidence_level":0.95,"lower_bound":-0.9716323009101898,"upper_bound":-0.9713374671338669},"point_estimate":-0.9714827513304479,"standard_error":0.00007599511982984714},"median":{"confidence_interval":{"confidence_level":0.95,"lower_bound":-0.9716674628241954,"upper_bound":-0.9713500426038552},"point_estimate":-0.9715028586084767,"standard_error":0.00008910893633297294}}