{"mean":{"confidence_interval":{"confidence_level":0.95,"lower_bound":-0.7989226510095321,"upper_bound":-0.7934217326819514},"point_estimate":-0.7961713628678222,"standard_error":0.0014057312824399975},"median":{"confidence_interval":{"confidence_level":0.95,"lower_bound":-0.7998223235792916,"upper_bound":-0.7952587470826956},"point_estimate":-0.7977167223288792,"standard_error":0.001184909517949101}}