{"mean":{"confidence_interval":{"confidence_level":0.95,"lower_bound":-0.28416839289739554,"upper_bound":-0.26867384706051245},"point_estimate":-0.27678744360807195,"standard_error":0.003934351972893104},"median":{"confidence_interval":{"confidence_level":0.95,"lower_bound":-0.28185088796485636,"upper_bound":-0.2737248203098208},"point_estimate":-0.2786255359444917,"standard_error":0.0022518209700255355}}