{"mean":{"confidence_interval":{"confidence_level":0.95,"lower_bound":0.38778034110048865,"upper_bound":0.42476293748085114},"point_estimate":0.40621927367722965,"standard_error":0.009445538394502507},"median":{"confidence_interval":{"confidence_level":0.95,"lower_bound":0.4008404602568243,"upper_bound":0.4372283223865321},"point_estimate":0.4154173891122781,"standard_error":0.00919274889644269}}