{"mean":{"confidence_interval":{"confidence_level":0.95,"lower_bound":0.12954377423359015,"upper_bound":0.18901979884127781},"point_estimate":0.15679648828138015,"standard_error":0.015299546535745659},"median":{"confidence_interval":{"confidence_level":0.95,"lower_bound":0.09862382678765025,"upper_bound":0.13522218398746885},"point_estimate":0.11050016228876092,"standard_error":0.009818900531119754}}