{"mean":{"confidence_interval":{"confidence_level":0.95,"lower_bound":5.0921913875378575,"upper_bound":5.237209113261697},"point_estimate":5.160399246869584,"standard_error":0.03708421763362828},"median":{"confidence_interval":{"confidence_level":0.95,"lower_bound":4.944970501300718,"upper_bound":5.227034853373102},"point_estimate":5.068313327576832,"standard_error":0.0730483345305929}}